symbol,year,month,quarter,open,high,low,close,percent_change,volume,trading_days,avg_daily_volume,up_days,down_days,unchanged_days,range,volatility,avg_true_range,avg_daily_range,highest_day,lowest_day
LEMERITE,2026,,2,89.1,100,22.25,23.25,-73.9057239057239,42872570,60,714542.833333333,19,39,1,77.75,1.22670831952793,3.717,3.306,2026-04-02T00:00:00+05:30,2026-06-30T00:00:00+05:30
GRMOVER,2026,,2,154,180.78,81.95,90.71,-41.0974025974026,208731098,60,3478851.63333333,29,30,0,98.83,0.685602101504907,7.20683333333333,7.1625,2026-05-04T00:00:00+05:30,2026-06-11T00:00:00+05:30
CENTRUM,2026,,2,29.37,29.9,21.31,21.75,-25.9448416751788,25691424,60,428190.4,19,38,2,8.59,0.35946937465999,1.01483333333333,0.99,2026-04-01T00:00:00+05:30,2026-06-08T00:00:00+05:30
HCLTECH,2026,,2,1399.7,1474.9,1068.6,1071.8,-23.4264485246839,268781804,60,4479696.73333333,24,35,0,406.3,0.332192774827588,34.415,30.37,2026-04-15T00:00:00+05:30,2026-06-30T00:00:00+05:30
INFY,2026,,2,1290,1376.9,996,1000.4,-22.4496124031008,900051238,60,15000853.9666667,24,35,0,380.9,0.321375386532158,34.2966666666667,28.58,2026-04-08T00:00:00+05:30,2026-06-30T00:00:00+05:30
RENUKA,2026,,2,28,30.3,21.05,22.13,-20.9642857142857,601475182,60,10024586.3666667,21,38,0,9.25,0.366387420038421,0.962166666666667,0.9295,2026-05-06T00:00:00+05:30,2026-06-03T00:00:00+05:30
ONGC,2026,,2,290,307.5,227.65,234.9,-19,1115679432,60,18594657.2,25,34,0,79.85,0.290205342540433,6.84166666666667,6.6175,2026-04-29T00:00:00+05:30,2026-06-30T00:00:00+05:30
ZENSARTECH,2026,,2,524.95,611,424,425.3,-18.9827602628822,37243549,60,620725.816666667,26,33,0,187,0.369475160863294,17.5833333333333,16.905,2026-04-21T00:00:00+05:30,2026-06-30T00:00:00+05:30
MRPL,2026,,2,183,194.85,143.12,149.05,-18.551912568306,485683256,60,8094720.93333333,22,37,0,51.73,0.318234994365934,6.77333333333333,6.42316666666667,2026-04-24T00:00:00+05:30,2026-05-20T00:00:00+05:30
ASTRAL,2026,,2,1622.1,1661.5,1329,1335.6,-17.6622896245608,48696685,60,811611.416666667,29,30,0,332.5,0.215581286031521,51.3633333333333,49.3933333333333,2026-04-15T00:00:00+05:30,2026-06-30T00:00:00+05:30
BSOFT,2026,,2,342.85,399.85,285,286.3,-16.4940936269506,79489103,60,1324818.38333333,26,33,0,114.85,0.335581582215296,12.6933333333333,11.9675,2026-04-21T00:00:00+05:30,2026-06-30T00:00:00+05:30
SUPREMEIND,2026,,2,3779.9,3941.4,3147.2,3157.8,-16.4581073573375,15184513,60,253075.216666667,27,32,0,794.2,0.22126866832499,107.498333333333,105.673333333333,2026-04-08T00:00:00+05:30,2026-06-30T00:00:00+05:30
TCS,2026,,2,2429,2614,2018.8,2031.5,-16.3647591601482,296053956,60,4934232.6,27,32,0,595.2,0.254891450587302,62.4516666666667,56.2533333333333,2026-04-21T00:00:00+05:30,2026-06-30T00:00:00+05:30
VOGL,2026,,2,38,38,30.42,32.24,-15.1578947368421,758397558,11,68945232.5454546,3,7,0,7.58,0.226459165104973,2.33545454545455,2.11363636363636,2026-06-15T00:00:00+05:30,2026-06-19T00:00:00+05:30
AQYLON,2026,,2,48.17,66.98,38.01,41.2,-14.4695868798007,229932589,60,3832209.81666667,31,28,0,28.97,0.559680587307209,3.04933333333333,2.812,2026-06-01T00:00:00+05:30,2026-06-29T00:00:00+05:30
NATIONALUM,2026,,2,396.45,445.15,331.4,339.6,-14.3397654180855,765829329,60,12763822.15,33,26,0,113.75,0.282628005640137,14.5133333333333,13.3433333333333,2026-04-27T00:00:00+05:30,2026-06-25T00:00:00+05:30
VAML,2026,,2,522,537,425,448.46,-14.088122605364,264334772,11,24030433.8181818,4,6,0,112,0.242530188315242,28.8572727272727,25.8554545454545,2026-06-15T00:00:00+05:30,2026-06-29T00:00:00+05:30
KAYNES,2026,,2,3629.5,4538.6,2995,3121.9,-13.9853974376636,94207605,60,1570126.75,31,28,0,1543.6,0.427924701959889,153.056666666667,139.881666666667,2026-05-08T00:00:00+05:30,2026-05-20T00:00:00+05:30
PERSISTENT,2026,,2,5000,5612,4244.5,4326.5,-13.47,46758535,60,779308.916666667,29,30,0,1367.5,0.271821952480023,180.488333333333,164.791666666667,2026-06-02T00:00:00+05:30,2026-06-30T00:00:00+05:30
PATANJALI,2026,,2,473.8,484,406.35,411.05,-13.2439848037146,158993024,60,2649883.73333333,27,32,0,77.65,0.173014685266643,10.9275,10.68,2026-04-08T00:00:00+05:30,2026-06-30T00:00:00+05:30
OIL,2026,,2,480,531,404.1,416.95,-13.1354166666667,335817492,60,5596958.2,31,28,0,126.9,0.271992683989798,13.6383333333333,12.7191666666667,2026-05-14T00:00:00+05:30,2026-06-25T00:00:00+05:30
ITIETF,2026,,2,32.98,35.96,29.12,29.22,-11.4008489993936,99900187,60,1665003.11666667,27,31,1,6.84,0.211557296767875,0.981166666666666,0.933166666666666,2026-04-20T00:00:00+05:30,2026-06-30T00:00:00+05:30
SWIGGY,2026,,2,270,299,235.75,239.35,-11.3518518518519,665193632,60,11086560.5333333,24,35,0,63.25,0.240631538900514,9.95333333333334,9.365,2026-04-24T00:00:00+05:30,2026-06-30T00:00:00+05:30
WIPRO,2026,,2,191.51,212.98,170.05,170.39,-11.0281447443998,1692958908,60,28215981.8,28,31,0,42.93,0.220451361281593,4.87233333333333,4.3645,2026-04-16T00:00:00+05:30,2026-06-30T00:00:00+05:30
IT,2026,,2,32.73,37.5,29.1,29.19,-10.8157653528872,107801130,60,1796685.5,27,32,0,8.4,0.260288900021174,1.14383333333333,1.11483333333333,2026-04-08T00:00:00+05:30,2026-06-30T00:00:00+05:30
INDUSTOWER,2026,,2,436.8,449.4,386.35,391.7,-10.3250915750916,405456770,60,6757612.83333333,27,32,0,63.05,0.15088454719679,11.3541666666667,10.9016666666667,2026-05-29T00:00:00+05:30,2026-06-29T00:00:00+05:30
APLAPOLLO,2026,,2,1978.2,2173,1736,1788.7,-9.57941563037104,43483082,60,724718.033333333,27,32,0,437,0.229590764531992,56.0666666666667,53.7283333333333,2026-04-21T00:00:00+05:30,2026-06-02T00:00:00+05:30
RVNL,2026,,2,259.9,311.85,221.55,235.83,-9.26125432858791,564019889,60,9400331.48333333,26,33,0,90.3,0.336749306363555,8.60333333333333,7.6935,2026-04-17T00:00:00+05:30,2026-06-11T00:00:00+05:30
HAPPSTMNDS,2026,,2,375,404,335.1,341.05,-9.05333333333333,49823073,60,830384.55,28,31,0,68.9,0.187429017040444,11.3433333333333,10.8941666666667,2026-05-06T00:00:00+05:30,2026-06-29T00:00:00+05:30
ITBEES,2026,,2,31.99,35.5,29.12,29.2,-8.72147546108159,1162901071,60,19381684.5166667,28,31,0,6.38,0.197313485149944,0.936166666666667,0.897666666666667,2026-04-21T00:00:00+05:30,2026-06-30T00:00:00+05:30
MUTHOOTFIN,2026,,2,3279,3678.5,2822.6,2997.3,-8.59103385178407,50372763,60,839546.05,25,34,0,855.9,0.257815829914046,102.806666666667,92.4433333333334,2026-04-15T00:00:00+05:30,2026-06-11T00:00:00+05:30
WAAREEENER,2026,,2,3220,3557,2836,2947,-8.47826086956522,85814051,60,1430234.18333333,31,28,0,721,0.228953577359953,92.0316666666667,85.845,2026-04-21T00:00:00+05:30,2026-06-29T00:00:00+05:30
SBICARD,2026,,2,647.55,700.4,565.45,593.2,-8.39317427225696,83730570,60,1395509.5,26,32,1,134.95,0.213245896458411,16.7341666666667,15.7241666666667,2026-04-20T00:00:00+05:30,2026-06-11T00:00:00+05:30
ASIANTILES,2026,,2,58.99,79.06,52.07,54.1,-8.28954060010171,267941488,60,4465691.46666667,29,30,0,26.99,0.427605000079215,3.05233333333333,2.98333333333333,2026-04-21T00:00:00+05:30,2026-06-30T00:00:00+05:30
DALBHARAT,2026,,2,1850,2007.6,1605,1700.6,-8.07567567567568,20207302,60,336788.366666667,27,32,0,402.6,0.222256163201313,52.3783333333333,49.8683333333334,2026-05-04T00:00:00+05:30,2026-06-11T00:00:00+05:30
GPIL,2026,,2,278,320,254.9,255.65,-8.03956834532374,202520381,60,3375339.68333333,20,39,0,65.1,0.22718151838216,9.66583333333333,9.46333333333333,2026-05-20T00:00:00+05:30,2026-06-30T00:00:00+05:30
ITETF,2026,,2,30.48,35.5,27.75,28.05,-7.97244094488189,44581238,60,743020.633333333,28,31,0,7.75,0.251511775078158,0.919666666666667,0.872833333333334,2026-04-16T00:00:00+05:30,2026-06-30T00:00:00+05:30
GOLDBEES,2026,,2,125.62,135.07,113.33,115.97,-7.6818977869766,1905875982,60,31764599.7,27,32,0,21.74,0.174559352722572,2.3345,1.84233333333333,2026-05-15T00:00:00+05:30,2026-06-11T00:00:00+05:30
PIIND,2026,,2,2758.7,3194.1,2541,2555.1,-7.38028781672527,23282832,60,388047.2,29,30,0,653.1,0.224706214945205,87.31,82.16,2026-05-19T00:00:00+05:30,2026-06-30T00:00:00+05:30
INDIANB,2026,,2,879.35,1000.9,801.35,816.65,-7.13026667424803,186436835,60,3107280.58333333,24,35,0,199.55,0.230678751949537,26.7391666666667,25.1116666666667,2026-04-15T00:00:00+05:30,2026-05-13T00:00:00+05:30
HEROMOTOCO,2026,,2,5152,5484.5,4671.5,4794.3,-6.94293478260869,40630709,60,677178.483333333,27,32,0,813,0.161239194941095,141.046666666667,130.198333333333,2026-04-10T00:00:00+05:30,2026-06-30T00:00:00+05:30
TATAELXSI,2026,,2,4109.3,4753.6,3813.8,3829.7,-6.80407855352494,18324547,60,305409.116666667,31,28,0,939.8,0.221886436076024,117.651666666667,111.433333333333,2026-04-17T00:00:00+05:30,2026-06-30T00:00:00+05:30
JUBLFOOD,2026,,2,448.05,498.75,408.8,417.6,-6.79611650485437,242362046,60,4039367.43333333,27,32,0,89.95,0.201764551945867,15.445,14.1091666666667,2026-04-23T00:00:00+05:30,2026-04-07T00:00:00+05:30
BRITANNIA,2026,,2,5520,5924,5035,5146.5,-6.76630434782609,26049266,60,434154.433333333,32,27,0,889,0.164243100727455,110.575,105.808333333333,2026-04-22T00:00:00+05:30,2026-06-04T00:00:00+05:30
HDFCGOLD,2026,,2,128.2,138.99,117.32,119.76,-6.58346333853353,300396722,60,5006612.03333333,26,32,1,21.67,0.168432779749722,2.56516666666667,2.13166666666667,2026-05-13T00:00:00+05:30,2026-06-30T00:00:00+05:30
SETFGOLD,2026,,2,128,139.12,116.32,119.58,-6.578125,335527792,60,5592129.86666667,26,33,0,22.8,0.177511568096708,2.98566666666667,2.6255,2026-05-15T00:00:00+05:30,2026-06-11T00:00:00+05:30
RELIANCE,2026,,2,1384.2,1473.4,1253.2,1293.9,-6.5236237537928,1129283709,60,18821395.15,24,35,0,220.2,0.163907580539511,28.8033333333334,26.6733333333333,2026-05-05T00:00:00+05:30,2026-06-11T00:00:00+05:30
NTPC,2026,,2,381.3,414.4,346.95,356.65,-6.46472593758197,754141217,60,12569020.2833333,28,30,1,67.45,0.177425294612795,8.955,8.73416666666667,2026-04-27T00:00:00+05:30,2026-06-15T00:00:00+05:30
CMRGREEN,2026,,2,268,268.96,231.3,250.7,-6.45522388059702,107145869,14,7653276.35714286,7,6,0,37.66,0.152147565015641,15.7821428571429,15.7371428571429,2026-06-10T00:00:00+05:30,2026-06-16T00:00:00+05:30
GOLD1,2026,,2,125.13,135.19,114.27,117.06,-6.44929273555502,162802867,60,2713381.11666667,26,33,0,20.92,0.166528467850533,2.847,2.54583333333333,2026-05-26T00:00:00+05:30,2026-06-25T00:00:00+05:30
JINDALSTEL,2026,,2,1131,1306.2,1054.4,1060.1,-6.26878868258179,84442735,60,1407378.91666667,26,33,0,251.8,0.210379150351189,33.3983333333334,32.66,2026-04-21T00:00:00+05:30,2026-06-30T00:00:00+05:30
POWERGRID,2026,,2,305,324.95,278.4,286.3,-6.1311475409836,744718337,60,12411972.2833333,30,29,0,46.55,0.155282697348852,6.70333333333333,6.43583333333333,2026-04-27T00:00:00+05:30,2026-06-02T00:00:00+05:30
TATASTEEL,2026,,2,200,224.4,187.05,188.06,-5.97,1857993096,60,30966551.6,31,28,0,37.35,0.18099028580474,4.70966666666667,4.36433333333333,2026-05-15T00:00:00+05:30,2026-06-30T00:00:00+05:30
GOLDIETF,2026,,2,127.7,140,117.64,120.1,-5.95144870790917,392320522,60,6538675.36666667,24,35,0,22.36,0.173392923149299,3.306,2.91983333333333,2026-05-14T00:00:00+05:30,2026-06-30T00:00:00+05:30
ICICIPRULI,2026,,2,516.9,584.75,459.5,487.95,-5.60069645966338,108942299,60,1815704.98333333,29,30,0,125.25,0.242114758851767,15.7516666666667,14.5066666666667,2026-04-15T00:00:00+05:30,2026-06-11T00:00:00+05:30
DWARKESH,2026,,2,45.87,53.09,40.8,43.31,-5.58098975365161,160056403,60,2667606.71666667,29,29,1,12.29,0.272756527625199,2.13516666666667,2.09216666666667,2026-05-05T00:00:00+05:30,2026-05-18T00:00:00+05:30
SAGILITY,2026,,2,41.65,45.4,38.52,39.4,-5.40216086434574,991433959,60,16523899.3166667,25,34,0,6.88,0.166186250986328,1.28833333333333,1.22866666666667,2026-05-11T00:00:00+05:30,2026-06-19T00:00:00+05:30
COALINDIA,2026,,2,464,491.25,427.5,439.05,-5.37715517241379,895139391,60,14918989.85,29,30,0,63.75,0.139838153332078,12.1025,11.9191666666667,2026-04-30T00:00:00+05:30,2026-04-10T00:00:00+05:30
SILVER1,2026,,2,22.67,28.12,20.55,21.56,-4.89633877370976,543178527,60,9052975.45,27,31,1,7.57,0.317238585487487,0.895,0.723333333333333,2026-05-14T00:00:00+05:30,2026-06-25T00:00:00+05:30
HAVELLS,2026,,2,1218,1410.7,1123.6,1159.3,-4.81937602627258,64243485,60,1070724.75,32,27,0,287.1,0.236383197114989,32.0733333333334,30.3166666666667,2026-04-22T00:00:00+05:30,2026-06-02T00:00:00+05:30
GOLDETF,2026,,2,142.8,155.8,134.65,136.34,-4.52380952380953,101064034,60,1684400.56666667,26,33,0,21.15,0.144620823347203,2.9075,2.409,2026-05-14T00:00:00+05:30,2026-06-30T00:00:00+05:30
SILVERBEES,2026,,2,222.11,274.8,202.58,212.82,-4.18261221917069,1978477040,60,32974617.3333333,30,29,0,72.22,0.307012789365505,7.0875,5.015,2026-05-13T00:00:00+05:30,2026-06-25T00:00:00+05:30
HDFCLIFE,2026,,2,600,650.75,543,575.85,-4.025,279263405,60,4654390.08333333,28,31,0,107.75,0.181185567371464,14.9808333333333,14.2425,2026-04-16T00:00:00+05:30,2026-06-11T00:00:00+05:30
KFINTECH,2026,,2,914,1006,784.95,879.8,-3.74179431072211,75299746,60,1254995.76666667,32,27,0,221.05,0.249534345543828,29.2533333333333,27.6775,2026-04-22T00:00:00+05:30,2026-05-18T00:00:00+05:30
TATSILV,2026,,2,22.48,28,20.01,21.64,-3.73665480427046,4586039289,60,76433988.15,29,29,1,7.99,0.334615304078342,0.856666666666667,0.6865,2026-05-14T00:00:00+05:30,2026-06-25T00:00:00+05:30
VEDPOWER,2026,,2,41.8,45.23,39,40.28,-3.63636363636363,627510300,11,57046390.9090909,4,6,0,6.23,0.149218307712407,2.78,2.69363636363636,2026-06-23T00:00:00+05:30,2026-06-16T00:00:00+05:30
HDFCSILVER,2026,,2,221.1,278,200.39,213.25,-3.55042966983265,292722751,60,4878712.51666667,27,32,0,77.61,0.329772121133148,7.558,5.60733333333333,2026-05-13T00:00:00+05:30,2026-06-25T00:00:00+05:30
IRB,2026,,2,22.2,23.95,19.72,21.42,-3.5135135135135,1320615515,60,22010258.5833333,25,32,2,4.23,0.198027527230736,0.6525,0.624166666666667,2026-05-21T00:00:00+05:30,2026-05-18T00:00:00+05:30
SBILIFE,2026,,2,1828.4,1990.9,1700.4,1765.7,-3.42922774010064,79433063,60,1323884.38333333,29,30,0,290.5,0.158485522170242,42.5766666666667,40.8133333333334,2026-04-16T00:00:00+05:30,2026-06-12T00:00:00+05:30
SILVER,2026,,2,229.65,285.1,212.18,222.02,-3.32244720226431,109847416,60,1830790.26666667,29,30,0,72.92,0.297102113572702,8.26216666666667,6.42833333333333,2026-05-14T00:00:00+05:30,2026-06-25T00:00:00+05:30
VIKRAMSOLR,2026,,2,185.7,234,176.5,179.66,-3.25255788906839,161666691,60,2694444.85,31,28,0,57.5,0.276884479782216,8.49333333333333,8.2825,2026-04-23T00:00:00+05:30,2026-04-02T00:00:00+05:30
SBISILVER,2026,,2,225.8,282.38,208.26,218.5,-3.23294951284323,111981487,60,1866358.11666667,29,30,0,74.12,0.307765557828534,8.2745,6.50033333333333,2026-05-14T00:00:00+05:30,2026-06-25T00:00:00+05:30
SILVERIETF,2026,,2,229.4,286.9,212.1,222.25,-3.11682650392328,280891259,60,4681520.98333333,30,29,0,74.8,0.304655568822766,8.82416666666666,7.39266666666666,2026-05-14T00:00:00+05:30,2026-06-25T00:00:00+05:30
BLUESTARCO,2026,,2,1680,1928.9,1450,1628.3,-3.07738095238096,38204902,60,636748.366666667,27,31,1,478.9,0.284484909448772,58.885,56.1533333333333,2026-04-28T00:00:00+05:30,2026-04-02T00:00:00+05:30
GROWWSLVR,2026,,2,22.49,28,20.79,21.85,-2.84570920409069,193057756,60,3217629.26666667,28,30,1,7.21,0.299286030551251,0.795666666666667,0.573833333333333,2026-05-13T00:00:00+05:30,2026-06-25T00:00:00+05:30
RSYSTEMS,2026,,2,240,324.7,233.6,234.9,-2.125,26564313,60,442738.55,26,33,0,91.1,0.34054568302586,12.6033333333333,12.127,2026-05-08T00:00:00+05:30,2026-06-30T00:00:00+05:30
ITC,2026,,2,293,317.9,275.05,286.95,-2.06484641638226,1078507938,60,17975132.3,34,25,0,42.85,0.143891736998813,5.05416666666666,4.68666666666666,2026-05-04T00:00:00+05:30,2026-06-04T00:00:00+05:30
CANBK,2026,,2,128.02,146.89,121.79,125.52,-1.95281987189503,1672327983,60,27872133.05,28,31,0,25.1,0.187802560399847,3.85483333333333,3.5915,2026-04-22T00:00:00+05:30,2026-04-02T00:00:00+05:30
PINELABS,2026,,2,159.63,214.17,134.73,156.76,-1.79790766146715,1146954069,60,19115901.15,28,31,0,79.44,0.477542555429762,8.71283333333333,8.47116666666667,2026-04-22T00:00:00+05:30,2026-05-27T00:00:00+05:30
FISCHER,2026,,2,42.47,42.78,31.05,41.72,-1.76595243701436,82180241,60,1369670.68333333,26,33,0,11.73,0.316230752294897,1.8145,1.734,2026-04-16T00:00:00+05:30,2026-06-09T00:00:00+05:30
VOLTAS,2026,,2,1300,1537.9,1186.8,1277.6,-1.72307692307693,77924123,60,1298735.38333333,28,31,0,351.1,0.26444127272248,47.1233333333334,44.9483333333334,2026-04-29T00:00:00+05:30,2026-04-02T00:00:00+05:30
SILVERCASE,2026,,2,22.93,29.28,21.5,22.54,-1.70082860880942,849221998,60,14153699.9666667,29,29,1,7.78,0.311652935599738,0.9795,0.829333333333333,2026-05-14T00:00:00+05:30,2026-06-25T00:00:00+05:30
BANKINDIA,2026,,2,142.81,154.34,134.52,140.4,-1.68755689377494,669595822,60,11159930.3666667,28,31,0,19.82,0.138148471270764,4.33666666666667,3.88083333333333,2026-04-22T00:00:00+05:30,2026-04-02T00:00:00+05:30
JKTYRE,2026,,2,400.15,441.5,351,394.05,-1.52442833937273,84180070,60,1403001.16666667,27,32,0,90.5,0.228575277247499,14.2558333333333,12.6325,2026-04-17T00:00:00+05:30,2026-06-11T00:00:00+05:30
IRCTC,2026,,2,510,581.3,497,502.9,-1.3921568627451,68901480,60,1148358,28,31,0,84.3,0.158143548568641,12.3108333333333,11.5666666666667,2026-05-05T00:00:00+05:30,2026-04-02T00:00:00+05:30
TATAPOWER,2026,,2,390.7,464.9,368,385.5,-1.33094445866393,427995621,60,7133260.35,24,34,1,96.9,0.234255069684235,9.9975,9.685,2026-04-28T00:00:00+05:30,2026-04-02T00:00:00+05:30
KARURVYSYA,2026,,2,299.4,322,261,296.1,-1.10220440881762,199175222,60,3319587.03333333,30,29,0,61,0.210855607117241,10.155,9.79416666666666,2026-05-07T00:00:00+05:30,2026-04-07T00:00:00+05:30
BEL,2026,,2,415,464.4,399,411.8,-0.771084337349395,819242197,60,13654036.6166667,31,28,0,65.4,0.153487799010778,9.94083333333333,9.57416666666667,2026-04-20T00:00:00+05:30,2026-06-08T00:00:00+05:30
GOLDCASE,2026,,2,22.21,25.98,21.27,22.05,-0.720396217919857,641513826,60,10691897.1,27,32,0,4.71,0.198756540820346,0.822,0.777166666666667,2026-05-19T00:00:00+05:30,2026-06-29T00:00:00+05:30
NAUKRI,2026,,2,984.9,1080.9,908.3,978,-0.700578738958268,130461482,60,2174358.03333333,32,27,0,172.6,0.174554427742625,32.3491666666667,30.8083333333333,2026-04-21T00:00:00+05:30,2026-05-25T00:00:00+05:30
TECHM,2026,,2,1412.6,1589,1327.3,1404.7,-0.55925244230496,152672725,60,2544545.41666667,28,31,0,261.7,0.180524050903598,44.3033333333334,41.8233333333333,2026-06-02T00:00:00+05:30,2026-05-14T00:00:00+05:30
IOC,2026,,2,140,149.3,130.22,139.38,-0.442857142857146,952120363,60,15868672.7166667,28,31,0,19.08,0.134934124142223,3.713,3.13283333333334,2026-05-07T00:00:00+05:30,2026-04-02T00:00:00+05:30
M&M,2026,,2,3079.9,3399,2900.4,3068.8,-0.360401311730897,191631325,60,3193855.41666667,29,30,0,498.6,0.160057011883896,84.915,77.0483333333333,2026-05-07T00:00:00+05:30,2026-06-11T00:00:00+05:30
IRFC,2026,,2,90.83,108.38,88.6,90.53,-0.330287349994492,914044905,60,15234081.75,27,32,0,19.78,0.199443748897161,2.56516666666667,2.26683333333333,2026-04-23T00:00:00+05:30,2026-04-02T00:00:00+05:30
UPL,2026,,2,573,682.6,564.1,571.2,-0.314136125654442,133822968,60,2230382.8,27,32,0,118.5,0.187821952185973,16.8208333333333,16.1475,2026-05-11T00:00:00+05:30,2026-06-29T00:00:00+05:30
CENTRALBK,2026,,2,32.6,37.33,29.32,32.53,-0.214723926380369,800814739,60,13346912.3166667,29,29,1,8.01,0.237936104798824,0.924499999999999,0.811666666666666,2026-05-07T00:00:00+05:30,2026-06-02T00:00:00+05:30
HINDUNILVR,2026,,2,2119.9,2408,2022.5,2118.2,-0.0801924619085935,124118669,60,2068644.48333333,27,32,0,385.5,0.175195949815033,53.3116666666667,51.4583333333334,2026-04-22T00:00:00+05:30,2026-04-02T00:00:00+05:30
GODREJCP,2026,,2,1010,1148,967.05,1010,0,97988621,60,1633143.68333333,31,28,0,180.95,0.17361713559711,28.6033333333333,26.9233333333333,2026-04-24T00:00:00+05:30,2026-04-02T00:00:00+05:30
LIQUIDBEES,2026,,2,1000,1003,969.99,1000,0,228949138,60,3815818.96666667,15,15,29,33.01,0.0330101485456685,3.18366666666665,3.18366666666665,2026-05-14T00:00:00+05:30,2026-05-04T00:00:00+05:30
KALYANKJIL,2026,,2,385.6,452.6,327.05,386.7,0.28526970954356,503860123,60,8397668.71666667,27,32,0,125.55,0.325174825174825,14.2933333333333,13.4508333333333,2026-04-15T00:00:00+05:30,2026-06-11T00:00:00+05:30
GMDCLTD,2026,,2,582.1,771.9,565.15,583.95,0.31781480845216,251408137,60,4190135.61666667,27,32,0,206.75,0.318284624197072,27.5175,26.66,2026-04-17T00:00:00+05:30,2026-04-02T00:00:00+05:30
AWL,2026,,2,182.99,216.01,175.6,183.61,0.338816328761137,202232045,60,3370534.08333333,23,34,2,40.41,0.210510596290408,6.032,5.81333333333333,2026-05-07T00:00:00+05:30,2026-04-09T00:00:00+05:30
ICICIGI,2026,,2,1735,1908.9,1629.5,1741.7,0.386167146974066,40557170,60,675952.833333333,27,32,0,279.4,0.155923154551247,47.8433333333333,46.3716666666667,2026-04-16T00:00:00+05:30,2026-04-02T00:00:00+05:30
DABUR,2026,,2,420,490.5,403.35,422.2,0.523809523809521,134370844,60,2239514.06666667,29,29,1,87.15,0.198200690992273,10.8775,10.41,2026-05-08T00:00:00+05:30,2026-04-02T00:00:00+05:30
NTPCGREEN,2026,,2,95,119.95,93.89,95.5,0.526315789473684,523866833,60,8731113.88333333,27,32,0,26.06,0.251400824818516,3.20766666666667,3.12483333333333,2026-04-27T00:00:00+05:30,2026-04-01T00:00:00+05:30
TVSMOTOR,2026,,2,3434.7,3850.5,3228,3460.6,0.754068768742542,67183645,60,1119727.41666667,28,31,0,622.5,0.177932806664929,101.398333333333,94.685,2026-04-10T00:00:00+05:30,2026-05-19T00:00:00+05:30
LENSKART,2026,,2,511,557.65,458.75,514.95,0.772994129158522,380297530,60,6338292.16666667,29,30,0,98.9,0.193881651816783,17.2333333333333,16.7616666666667,2026-04-15T00:00:00+05:30,2026-05-18T00:00:00+05:30
UNIONBANK,2026,,2,171,197.13,156.21,172.43,0.836257309941525,925293199,60,15421553.3166667,27,32,0,40.92,0.238259286503104,5.1485,4.72333333333333,2026-04-22T00:00:00+05:30,2026-05-20T00:00:00+05:30
GLENMARK,2026,,2,2180,2474,1966.5,2204.3,1.11467889908258,43705284,60,728421.4,31,27,1,507.5,0.22551162255057,70.8166666666667,69.7100000000001,2026-04-29T00:00:00+05:30,2026-04-02T00:00:00+05:30
LIQUIDCASE,2026,,2,113.41,114.78,113.41,114.76,1.19037121946919,1265089515,60,21084825.25,53,0,6,1.37,0.0120075200380969,0.0349999999999997,0.0201666666666661,2026-06-30T00:00:00+05:30,2026-04-01T00:00:00+05:30
TURTLEMINT,2026,,2,134.9,144.95,132,136.6,1.26019273535952,13612246,2,6806123,1,0,0,12.95,0.0952310916645217,9.50999999999999,9.50999999999999,2026-06-29T00:00:00+05:30,2026-06-29T00:00:00+05:30
JIOFIN,2026,,2,233.04,257,223.55,236.44,1.45897699965671,1071831706,60,17863861.7666667,31,28,0,33.45,0.139588065672464,6.07716666666667,5.392,2026-04-29T00:00:00+05:30,2026-04-02T00:00:00+05:30
AMBUJACEM,2026,,2,415,468.8,404.8,421.85,1.65060240963856,209289767,60,3488162.78333333,29,30,0,64,0.146716642022856,12.7575,11.805,2026-04-27T00:00:00+05:30,2026-06-11T00:00:00+05:30
SBIN,2026,,2,1008,1120.95,933.9,1026.9,1.87500000000001,1010081806,60,16834696.7666667,29,29,1,187.05,0.182706012302498,23.8425,22.15,2026-04-20T00:00:00+05:30,2026-05-18T00:00:00+05:30
TMCV,2026,,2,414.5,449.9,357.05,422.95,2.03860072376357,641021992,60,10683699.8666667,26,33,0,92.85,0.230242289610993,15.6058333333333,14.5391666666667,2026-04-22T00:00:00+05:30,2026-06-11T00:00:00+05:30
PNB,2026,,2,104.55,115.6,98.5,106.69,2.04686752749881,1251077254,60,20851287.5666667,30,29,0,17.1,0.158777567484335,2.65716666666667,2.40583333333333,2026-04-22T00:00:00+05:30,2026-05-18T00:00:00+05:30
BHARTIARTL,2026,,2,1811,1953.8,1740.5,1852,2.263942573164,568045272,60,9467421.2,31,28,0,213.3,0.115696920715336,38.725,37.805,2026-05-18T00:00:00+05:30,2026-05-13T00:00:00+05:30
ASHOKLEY,2026,,2,154.15,181.39,138.03,157.7,2.30295167045085,1751034458,60,29183907.6333333,28,31,0,43.36,0.272167485107994,5.8205,5.10366666666667,2026-04-22T00:00:00+05:30,2026-06-11T00:00:00+05:30
MPHASIS,2026,,2,2110,2479,2063.6,2161.6,2.44549763033175,35543106,60,592385.1,32,27,0,415.4,0.182859457056201,77.5816666666667,72.9183333333334,2026-04-16T00:00:00+05:30,2026-05-18T00:00:00+05:30
UNOMINDA,2026,,2,1061,1189.7,1003.3,1087.8,2.52591894439208,60007814,60,1000130.23333333,29,30,0,186.4,0.169419634741932,38.4216666666667,36.8733333333334,2026-05-08T00:00:00+05:30,2026-04-02T00:00:00+05:30
HINDZINC,2026,,2,520,678.25,503.35,533.15,2.52884615384615,341432044,60,5690534.06666667,27,32,0,174.9,0.295578157523385,18.86,16.4075,2026-05-14T00:00:00+05:30,2026-04-02T00:00:00+05:30
JYOTICNC,2026,,2,755,845,580.1,775.1,2.66225165562914,101839295,60,1697321.58333333,30,29,0,264.9,0.371000176233254,30.6408333333333,28.8791666666667,2026-04-10T00:00:00+05:30,2026-06-02T00:00:00+05:30
APOLLOTYRE,2026,,2,419,449.25,365.3,430.2,2.67303102625298,81991763,60,1366529.38333333,28,31,0,83.95,0.204453157821033,11.96,10.9741666666667,2026-04-17T00:00:00+05:30,2026-05-20T00:00:00+05:30
COMSYN,2026,,2,156.98,173.6,151.5,161.3,2.75194292266532,3893348,60,64889.1333333333,30,27,2,22.1,0.140774792182009,4.66933333333333,4.66283333333333,2026-06-17T00:00:00+05:30,2026-06-09T00:00:00+05:30
ELECTCAST,2026,,2,77.36,95.9,69,79.68,2.99896587383662,211865196,60,3531086.6,23,36,0,26.9,0.333846997135204,3.94016666666667,3.78333333333333,2026-05-06T00:00:00+05:30,2026-06-11T00:00:00+05:30
JMFINANCIL,2026,,2,118.65,147.2,114.5,122.31,3.08470290771175,179678695,60,2994644.91666667,28,31,0,32.7,0.251290714667206,4.84033333333333,4.56883333333333,2026-05-08T00:00:00+05:30,2026-06-02T00:00:00+05:30
LUPIN,2026,,2,2346,2494,2170.1,2419,3.11167945439045,70908865,60,1181814.41666667,29,30,0,323.9,0.140556584982707,53.0816666666667,51.4216666666667,2026-05-07T00:00:00+05:30,2026-04-02T00:00:00+05:30
KPITTECH,2026,,2,650.7,826,648.8,671.55,3.20424158598431,122710657,60,2045177.61666667,32,27,0,177.2,0.239627306514248,27.3991666666667,26.5141666666667,2026-06-02T00:00:00+05:30,2026-04-01T00:00:00+05:30
LTGILTBEES,2026,,2,28.96,30.15,28.39,29.94,3.38397790055249,105531839,60,1758863.98333333,37,22,0,1.76,0.0601490054908751,0.240666666666667,0.235166666666667,2026-06-22T00:00:00+05:30,2026-05-08T00:00:00+05:30
FIRSTCRY,2026,,2,215,269.63,211.02,223.29,3.85581395348837,260505114,60,4341751.9,27,32,0,58.61,0.253383453770814,9.7815,9.62933333333333,2026-04-07T00:00:00+05:30,2026-06-08T00:00:00+05:30
BPCL,2026,,2,292,321.6,266.6,303.55,3.9554794520548,686582953,60,11443049.2166667,25,34,0,55,0.183186275462198,9.19833333333333,7.94833333333333,2026-06-18T00:00:00+05:30,2026-04-02T00:00:00+05:30
ULTRACEMCO,2026,,2,10802,12282,10365,11253,4.17515274949083,21412165,60,356869.416666667,30,29,0,1917,0.166807098655769,259.4,238.733333333333,2026-04-28T00:00:00+05:30,2026-04-02T00:00:00+05:30
EICHERMOT,2026,,2,6787.5,7754,6442,7073.5,4.21362799263352,37555485,60,625924.75,28,31,0,1312,0.182445210813216,189.266666666667,171.416666666667,2026-06-25T00:00:00+05:30,2026-04-07T00:00:00+05:30
NIFTY,2026,,2,22899,24601.7,22182.55,23865.75,4.22180007860605,26455588724,60,440926478.733333,30,29,0,2419.15,0.10167627968868,306.290833333333,258.761666666667,2026-04-21T00:00:00+05:30,2026-04-02T00:00:00+05:30
MFSL,2026,,2,1515.1,1748,1433.6,1584,4.54755461685698,45792056,60,763200.933333333,27,32,0,314.4,0.193651507358942,48.3933333333334,46.27,2026-05-26T00:00:00+05:30,2026-04-02T00:00:00+05:30
ABFRL,2026,,2,55.5,69.09,55.22,58.06,4.61261261261262,318027501,60,5300458.35,27,32,0,13.87,0.222680081344322,2.33183333333333,2.223,2026-05-07T00:00:00+05:30,2026-04-02T00:00:00+05:30
ALKEM,2026,,2,5320.5,5789,5075,5570,4.6894088901419,8589937,60,143165.616666667,31,28,0,714,0.131904877001165,145.733333333333,142.441666666667,2026-05-29T00:00:00+05:30,2026-04-02T00:00:00+05:30
TATACONSUM,2026,,2,1025,1282.7,1007.2,1075.6,4.93658536585365,131680440,60,2194674,28,31,0,275.5,0.241242376346864,29.1133333333333,27.9383333333333,2026-05-12T00:00:00+05:30,2026-04-02T00:00:00+05:30
IOB,2026,,2,32.45,36.53,31.41,34.09,5.05392912172573,273534566,60,4558909.43333333,26,32,1,5.12,0.150065213886894,0.748833333333334,0.695500000000001,2026-06-17T00:00:00+05:30,2026-04-02T00:00:00+05:30
EXCELSOFT,2026,,2,70.99,101,69,74.67,5.18382870826878,58691691,60,978194.85,27,32,0,32,0.372534866935202,4.169,3.92116666666667,2026-05-22T00:00:00+05:30,2026-04-01T00:00:00+05:30
TORNTPOWER,2026,,2,1345,1824.1,1285,1414.9,5.19702602230484,35066039,60,584433.983333333,30,29,0,539.1,0.356616017622428,52.6483333333333,51.1666666666667,2026-04-27T00:00:00+05:30,2026-04-02T00:00:00+05:30
NIFTYBEES,2026,,2,258.34,277.83,251.7,271.82,5.21792985987459,557633749,60,9293895.81666667,33,26,0,26.13,0.0969047708818408,3.55233333333334,3.28833333333334,2026-04-21T00:00:00+05:30,2026-04-02T00:00:00+05:30
HINDALCO,2026,,2,909,1176,884.8,956.6,5.23652365236524,385347421,60,6422457.01666667,32,27,0,291.2,0.280544228828521,29.2633333333334,26.5266666666667,2026-05-29T00:00:00+05:30,2026-04-02T00:00:00+05:30
MSCIINDIA,2026,,2,28,30.24,26.62,29.49,5.32142857142857,15761618,60,262693.633333333,32,27,0,3.62,0.123995958142801,0.610333333333333,0.5725,2026-05-11T00:00:00+05:30,2026-04-02T00:00:00+05:30
SUNPHARMA,2026,,2,1762.1,1916.6,1613.6,1862.5,5.69774700641281,227769599,60,3796159.98333333,32,27,0,303,0.169289347900784,40.2016666666667,39.025,2026-05-19T00:00:00+05:30,2026-04-24T00:00:00+05:30
HINDCOPPER,2026,,2,473.7,618.1,468.2,501.1,5.78425163605658,381838139,60,6363968.98333333,28,31,0,149.9,0.279100077579519,18.8833333333333,16.7541666666667,2026-05-14T00:00:00+05:30,2026-04-02T00:00:00+05:30
RHETAN,2026,,2,24.85,32.41,24,26.32,5.91549295774647,343235012,60,5720583.53333333,35,24,0,8.41,0.303327221904962,1.36383333333333,1.341,2026-06-12T00:00:00+05:30,2026-05-05T00:00:00+05:30
DRREDDY,2026,,2,1280,1414.9,1167.5,1357.1,6.02343749999999,152407890,60,2540131.5,26,33,0,247.4,0.192832562773858,33.2583333333334,32.3366666666667,2026-06-29T00:00:00+05:30,2026-04-02T00:00:00+05:30
BAJAJFINSV,2026,,2,1679,1860,1597,1780.2,6.02739726027398,68253960,60,1137566,27,32,0,263,0.149287054976992,41.1316666666667,37.6733333333333,2026-04-22T00:00:00+05:30,2026-04-02T00:00:00+05:30
RHIM,2026,,2,345,426.7,333.8,367.75,6.59420289855073,28557946,60,475965.766666667,29,30,0,92.9,0.23874485482137,15.4375,14.6425,2026-04-22T00:00:00+05:30,2026-06-02T00:00:00+05:30
MSUMI,2026,,2,37.59,43.44,36.32,40.12,6.73051343442403,866903864,60,14448397.7333333,34,25,0,7.12,0.181678999744833,1.28083333333333,1.21916666666667,2026-05-07T00:00:00+05:30,2026-06-11T00:00:00+05:30
IEX,2026,,2,117,137.34,116,125.13,6.94871794871794,390102772,60,6501712.86666667,34,25,0,21.34,0.169403845059782,3.32383333333333,3.1205,2026-05-11T00:00:00+05:30,2026-04-02T00:00:00+05:30
UNITDSPR,2026,,2,1262.5,1414.4,1210.8,1350.4,6.96237623762377,68520099,60,1142001.65,31,28,0,203.6,0.157135543555719,31.6316666666667,29.85,2026-04-27T00:00:00+05:30,2026-04-07T00:00:00+05:30
JWL,2026,,2,250.22,308.6,244.68,267.8,7.02581728079291,161070101,60,2684501.68333333,29,30,0,63.92,0.229403647417504,10.7536666666667,10.0155,2026-05-07T00:00:00+05:30,2026-04-01T00:00:00+05:30
NHPC,2026,,2,75.95,86.83,71.62,81.33,7.08360763660302,1686384102,60,28106401.7,29,29,1,15.21,0.193734516205045,2.175,2.05066666666667,2026-04-29T00:00:00+05:30,2026-06-11T00:00:00+05:30
HDFCBANK,2026,,2,743,820.05,726.65,797.95,7.3956931359354,2411336821,60,40188947.0166667,29,30,0,93.4,0.120430015096732,17.7133333333333,15.6875,2026-04-16T00:00:00+05:30,2026-04-02T00:00:00+05:30
JSWSTEEL,2026,,2,1141.9,1328,1106.4,1226.4,7.3999474559944,113495160,60,1891586,30,29,0,221.6,0.175906754602404,28.005,26.7166666666667,2026-05-27T00:00:00+05:30,2026-04-02T00:00:00+05:30
SHREECEM,2026,,2,23490,26335,22675,25250,7.49255002128565,1845599,60,30759.9833333333,29,30,0,3660,0.14780314451863,602.166666666667,561,2026-06-25T00:00:00+05:30,2026-04-02T00:00:00+05:30
DMART,2026,,2,4075,4644,3955,4380.7,7.50184049079754,35254016,60,587566.933333333,30,29,0,689,0.159698558347726,111.833333333333,109.991666666667,2026-04-17T00:00:00+05:30,2026-06-12T00:00:00+05:30
PSUBNKBEES,2026,,2,88.4,102.64,86.7,95.09,7.56787330316742,217855068,60,3630917.8,30,29,0,15.94,0.16918001468208,2.631,2.54,2026-04-23T00:00:00+05:30,2026-05-20T00:00:00+05:30
MAHLOG,2026,,2,347.3,450,330.55,373.9,7.65908436510221,13607352,60,226789.2,30,29,0,119.45,0.319147514995525,14.4416666666667,13.8741666666667,2026-04-24T00:00:00+05:30,2026-06-11T00:00:00+05:30
BANKBARODA,2026,,2,253,287.2,241,272.4,7.66798418972331,753228331,60,12553805.5166667,30,29,0,46.2,0.170887901974951,7.21266666666666,6.6855,2026-06-23T00:00:00+05:30,2026-04-02T00:00:00+05:30
KOTAKBANK,2026,,2,363.8,413.8,345.5,392.25,7.82023089609675,1089611974,60,18160199.5666667,37,22,0,68.3,0.178107703440678,9.09583333333334,8.60166666666667,2026-06-25T00:00:00+05:30,2026-04-02T00:00:00+05:30
PFC,2026,,2,393,486.5,382.25,424.3,7.96437659033079,452073573,60,7534559.55,31,28,0,104.25,0.237856666165983,12.2766666666667,11.6533333333333,2026-04-28T00:00:00+05:30,2026-04-02T00:00:00+05:30
TORNTPHARM,2026,,2,4277.6,4742.9,3871.1,4620.1,8.00682625771461,28368548,60,472809.133333333,32,27,0,871.8,0.200951048435242,114.83,112.275,2026-06-29T00:00:00+05:30,2026-04-02T00:00:00+05:30
BAJAJ-AUTO,2026,,2,8993.5,10834,8624,9716,8.03357980763885,24880955,60,414682.583333333,28,31,0,2210,0.220797234539614,243.883333333333,228.708333333333,2026-05-27T00:00:00+05:30,2026-04-02T00:00:00+05:30
VMM,2026,,2,108.98,129.4,101.5,117.95,8.23086804918333,736326988,60,12272116.4666667,34,25,0,27.9,0.23356662090212,3.743,3.68116666666667,2026-04-28T00:00:00+05:30,2026-04-02T00:00:00+05:30
NMDC,2026,,2,78.56,97.49,75.61,85.16,8.40122199592667,1705053555,60,28417559.25,29,30,0,21.88,0.247572925388671,2.54566666666667,2.42533333333333,2026-06-03T00:00:00+05:30,2026-04-02T00:00:00+05:30
M&MFIN,2026,,2,291.15,341,272.65,315.8,8.46642624076938,219026728,60,3650445.46666667,23,35,1,68.35,0.225423803346452,11.4941666666667,10.6541666666667,2026-05-08T00:00:00+05:30,2026-04-07T00:00:00+05:30
CONCOR,2026,,2,437.95,537,429,475.25,8.51695399018153,92982876,60,1549714.6,35,23,1,108,0.222358718143167,12.2991666666667,11.27,2026-05-08T00:00:00+05:30,2026-04-02T00:00:00+05:30
TRIVENI,2026,,2,388.7,435,357.05,422.55,8.70851556470286,25917681,60,431961.35,31,28,0,77.95,0.198750637429883,14.1016666666667,13.8933333333333,2026-04-23T00:00:00+05:30,2026-06-02T00:00:00+05:30
FSL,2026,,2,210.07,282.05,205.82,228.45,8.74946446422621,322041097,60,5367351.61666667,25,34,0,76.23,0.316873525631922,11.3968333333333,11.0426666666667,2026-05-25T00:00:00+05:30,2026-04-02T00:00:00+05:30
SHK,2026,,2,118,158.87,115.05,128.33,8.7542372881356,23937478,60,398957.966666667,27,32,0,43.82,0.321781178518059,5.93416666666666,5.62633333333333,2026-05-07T00:00:00+05:30,2026-04-01T00:00:00+05:30
LOWVOL1,2026,,2,18.92,21.9,18.9,20.67,9.24947145877378,34251558,60,570859.3,30,29,0,3,0.146266546403062,0.699833333333333,0.689833333333333,2026-06-16T00:00:00+05:30,2026-04-01T00:00:00+05:30
FABTECH,2026,,2,143,182.79,138.28,156.29,9.29370629370629,23823807,60,397063.45,25,34,0,44.51,0.286280899599082,7.23383333333333,7.00983333333333,2026-04-28T00:00:00+05:30,2026-04-02T00:00:00+05:30
DIGITIDE,2026,,2,77.64,107,74,84.89,9.33797011849562,29538567,60,492309.45,27,32,0,33,0.36689699644777,4.8775,4.81616666666667,2026-05-11T00:00:00+05:30,2026-04-02T00:00:00+05:30
IRCON,2026,,2,119.8,164.4,118.79,131.07,9.40734557595993,224878686,60,3747978.1,27,32,0,45.61,0.322242200940374,4.91416666666666,4.52166666666666,2026-05-07T00:00:00+05:30,2026-04-02T00:00:00+05:30
MARUTI,2026,,2,12900,14201,12239,14115,9.41860465116279,30445849,60,507430.816666667,32,27,0,1962,0.147883687946826,340.7,309.9,2026-06-30T00:00:00+05:30,2026-04-02T00:00:00+05:30
TIMETECHNO,2026,,2,164.36,201.2,161.28,179.96,9.49136042832806,184971747,60,3082862.45,27,32,0,39.92,0.222631404301121,6.13916666666667,5.68333333333333,2026-04-20T00:00:00+05:30,2026-04-02T00:00:00+05:30
PGEL,2026,,2,486.95,579,436.55,533.4,9.53896703973714,211381647,60,3523027.45,27,32,0,142.45,0.27986568280907,20.7125,19.3858333333333,2026-06-22T00:00:00+05:30,2026-04-06T00:00:00+05:30
SRF,2026,,2,2500.4,2832.1,2355,2739,9.54247320428731,35550414,60,592506.9,32,27,0,477.1,0.181526020885702,73.7733333333334,68.9783333333334,2026-05-11T00:00:00+05:30,2026-04-06T00:00:00+05:30
BANKBETA,2026,,2,54.37,65.35,51.3,59.58,9.58249034393968,64610609,60,1076843.48333333,27,29,3,14.05,0.246026511326559,1.40133333333333,1.32883333333333,2026-04-21T00:00:00+05:30,2026-04-02T00:00:00+05:30
DIVISLAB,2026,,2,6002,6968,5647.5,6579,9.61346217927358,20720056,60,345334.266666667,33,26,0,1320.5,0.202120440618989,146.85,144.358333333333,2026-05-15T00:00:00+05:30,2026-04-02T00:00:00+05:30
PETRONET,2026,,2,256.1,294.1,247.09,280.8,9.64467005076142,204273738,60,3404562.3,28,30,1,47.01,0.171372223312479,7.27649999999999,6.70233333333333,2026-06-17T00:00:00+05:30,2026-04-02T00:00:00+05:30
COLPAL,2026,,2,1822,2223.7,1782.1,1997.9,9.65422612513722,28654533,60,477575.55,31,28,0,441.6,0.214923455420174,50.9166666666667,49.59,2026-05-19T00:00:00+05:30,2026-04-02T00:00:00+05:30
SUMEETINDS,2026,,2,25.85,29.55,22.5,28.35,9.67117988394584,82135267,60,1368921.11666667,28,30,1,7.05,0.275309967782876,1.16133333333333,1.154,2026-06-30T00:00:00+05:30,2026-06-09T00:00:00+05:30
TITAN,2026,,2,4000,4605,3944.7,4404,10.1,72316526,60,1205275.43333333,30,29,0,660.3,0.154380424727366,110.913333333333,104.768333333333,2026-05-08T00:00:00+05:30,2026-04-02T00:00:00+05:30
LICHSGFIN,2026,,2,511,598.2,501.75,564,10.3718199608611,101127693,60,1685461.55,31,28,0,96.4500000000001,0.176154195038948,14.6925,14.1341666666667,2026-05-11T00:00:00+05:30,2026-04-02T00:00:00+05:30
DELHIVERY,2026,,2,427,491.7,415.55,472.05,10.5503512880562,200467658,60,3341127.63333333,36,23,0,76.15,0.166400198121488,13.9941666666667,13.4058333333333,2026-06-22T00:00:00+05:30,2026-04-02T00:00:00+05:30
POLICYBZR,2026,,2,1468.6,1845.5,1390.5,1628.6,10.89472967452,106003189,60,1766719.81666667,32,27,0,455,0.280363753998778,55.8116666666667,53.8983333333333,2026-05-20T00:00:00+05:30,2026-04-02T00:00:00+05:30
TRIDENT,2026,,2,23.49,27.31,23.01,26.12,11.1962537249894,409920365,60,6832006.08333333,32,27,0,4.3,0.170820201806192,0.7,0.662833333333333,2026-06-24T00:00:00+05:30,2026-04-02T00:00:00+05:30
MARICO,2026,,2,752,848.8,728.95,836.25,11.2034574468085,125310590,60,2088509.83333333,32,27,0,119.85,0.149432070852953,17.7475,17.5791666666667,2026-05-11T00:00:00+05:30,2026-04-02T00:00:00+05:30
360ONE,2026,,2,966.05,1165.1,906.05,1074.6,11.2364784431448,69356083,60,1155934.71666667,30,29,0,259.05,0.241088504593602,33.7516666666667,32.1933333333333,2026-06-16T00:00:00+05:30,2026-04-07T00:00:00+05:30
SYNGENE,2026,,2,395.05,518.55,380,439.5,11.2517402860397,131292585,60,2188209.75,27,32,0,138.55,0.31316514158922,16.9783333333333,16.6266666666667,2026-04-30T00:00:00+05:30,2026-04-06T00:00:00+05:30
CUB,2026,,2,187.5,220.13,172.47,208.6,11.2533333333333,181457359,60,3024289.31666667,31,28,0,47.66,0.245992386933052,6.94433333333334,6.67883333333333,2026-04-28T00:00:00+05:30,2026-04-02T00:00:00+05:30
IGL,2026,,2,148,175.6,141.74,164.78,11.3378378378378,243918633,60,4065310.55,31,28,0,33.86,0.208312612469431,4.72733333333333,4.4845,2026-06-17T00:00:00+05:30,2026-04-02T00:00:00+05:30
NFL,2026,,2,67,79.95,65.65,74.63,11.3880597014925,96562376,60,1609372.93333333,31,28,0,14.3,0.188941421552975,2.27766666666667,2.1665,2026-05-08T00:00:00+05:30,2026-04-01T00:00:00+05:30
NETWORK18,2026,,2,28.34,37.35,28.34,31.59,11.4678899082569,455706152,60,7595102.53333333,28,31,0,9.01,0.27427701674277,1.35033333333333,1.288,2026-04-17T00:00:00+05:30,2026-04-01T00:00:00+05:30
SAIL,2026,,2,155.6,209.7,150.28,173.49,11.4974293059126,1578928144,60,26315469.0666667,29,30,0,59.42,0.325122883172073,6.21016666666666,6.06483333333333,2026-05-14T00:00:00+05:30,2026-04-02T00:00:00+05:30
RITES,2026,,2,183,230.85,180.05,204.51,11.7540983606557,50673314,60,844555.233333333,33,26,0,50.8,0.241879998000205,6.23316666666667,5.83716666666667,2026-05-08T00:00:00+05:30,2026-04-01T00:00:00+05:30
JAMNAAUTO,2026,,2,117.55,135.99,109.22,131.37,11.7566992769035,142177538,60,2369625.63333333,33,26,0,26.77,0.217166452366563,4.8785,4.52166666666667,2026-06-22T00:00:00+05:30,2026-05-18T00:00:00+05:30
BANKNIFTY,2026,,2,51433.9,58706.05,49954.85,57542.9,11.8773804825222,21205804651,60,353430077.516667,32,27,0,8751.2,0.158182420507175,918.9575,809.965,2026-06-25T00:00:00+05:30,2026-04-02T00:00:00+05:30
ICICIBANK,2026,,2,1228.1,1404,1187.6,1375.2,11.9778519664523,1086913158,60,18115219.3,32,27,0,216.4,0.167187733385526,27.9116666666667,25.555,2026-06-25T00:00:00+05:30,2026-04-02T00:00:00+05:30
BANKNIFTY1,2026,,2,53.47,65,51.71,59.89,12.006732747335,99403983,60,1656733.05,27,31,1,13.29,0.231992505484147,1.387,1.32766666666667,2026-04-10T00:00:00+05:30,2026-04-02T00:00:00+05:30
SAMMAANCAP,2026,,2,155,192.34,134.75,173.62,12.0129032258065,1151539755,60,19192329.25,28,31,0,57.59,0.362009628027093,6.03616666666667,5.69883333333334,2026-06-05T00:00:00+05:30,2026-05-20T00:00:00+05:30
SJVN,2026,,2,65.26,83,64.51,73.15,12.0901011339258,276823308,60,4613721.8,30,29,0,18.49,0.247886241352806,2.28183333333333,2.123,2026-04-29T00:00:00+05:30,2026-04-01T00:00:00+05:30
UJJIVANSFB,2026,,2,52.48,65.46,51,59.05,12.5190548780488,822137103,60,13702285.05,27,31,1,14.46,0.255172718048264,2.029,1.93816666666667,2026-05-08T00:00:00+05:30,2026-04-02T00:00:00+05:30
CDSL,2026,,2,1158.5,1401.1,1136.1,1305.5,12.6888217522659,127299531,60,2121658.85,31,28,0,265,0.209672633765206,34.6016666666667,31.6433333333334,2026-04-20T00:00:00+05:30,2026-04-02T00:00:00+05:30
HINDPETRO,2026,,2,350,420,317.75,394.45,12.7,467269048,60,7787817.46666667,31,28,0,102.25,0.269272634702154,13.1041666666667,11.0225,2026-06-25T00:00:00+05:30,2026-04-06T00:00:00+05:30
PHARMABEES,2026,,2,23.09,26.9,21.69,26.04,12.77609354699,540543570,60,9009059.5,36,23,0,5.21,0.21366469816273,0.758833333333334,0.758166666666667,2026-06-29T00:00:00+05:30,2026-04-02T00:00:00+05:30
SIKA,2026,,2,988,1199.8,870.1,1115.6,12.914979757085,2707424,49,55253.5510204082,24,24,0,329.7,0.337813027986417,51.7959183673469,48.8489795918367,2026-05-08T00:00:00+05:30,2026-05-18T00:00:00+05:30
IREDA,2026,,2,113.97,142.85,109.85,128.69,12.9156795647978,562484400,60,9374740,34,25,0,33,0.25826378906892,3.846,3.57333333333333,2026-04-22T00:00:00+05:30,2026-04-02T00:00:00+05:30
VEDL,2026,,2,248.48,360,244.29,280.75,12.9869607211848,1886050180,60,31434169.6666667,31,28,0,115.71,0.383927109923509,11.6756666666667,10.9953333333333,2026-05-29T00:00:00+05:30,2026-04-02T00:00:00+05:30
AMBER,2026,,2,6656,8974,6120,7530,13.1310096153846,26199578,60,436659.633333333,30,29,0,2854,0.371900691829978,308.183333333333,289.1,2026-05-07T00:00:00+05:30,2026-04-06T00:00:00+05:30
LEMONTREE,2026,,2,102.92,128.38,102.8,116.65,13.3404586086281,338214128,60,5636902.13333333,32,27,0,25.58,0.22410648708555,3.76133333333333,3.53416666666667,2026-04-21T00:00:00+05:30,2026-04-01T00:00:00+05:30
BIOCON,2026,,2,369,440.4,337.7,418.3,13.360433604336,251555903,60,4192598.38333333,33,26,0,102.7,0.260575024209543,10.7016666666667,10.3908333333333,2026-05-26T00:00:00+05:30,2026-04-07T00:00:00+05:30
LT,2026,,2,3655,4272.3,3470,4143.4,13.3625170998632,160019728,60,2666995.46666667,31,28,0,802.3,0.200377794853565,89.81,78.0083333333333,2026-06-25T00:00:00+05:30,2026-04-02T00:00:00+05:30
SUMICHEM,2026,,2,371,514.5,368.85,420.85,13.4366576819407,21622694,60,360378.233333333,32,27,0,145.65,0.323337939761243,17.2266666666667,16.7675,2026-05-07T00:00:00+05:30,2026-04-02T00:00:00+05:30
ETERNAL,2026,,2,233.22,267.5,223.74,264.6,13.4551067661436,2166161644,60,36102694.0666667,29,30,0,43.76,0.175482097898639,8.079,7.34816666666666,2026-06-22T00:00:00+05:30,2026-04-02T00:00:00+05:30
TMPV,2026,,2,310,408,295.05,352.2,13.6129032258064,727803883,60,12130064.7166667,33,25,1,112.95,0.31464075380069,11.5908333333333,10.5683333333333,2026-05-29T00:00:00+05:30,2026-04-02T00:00:00+05:30
RECLTD,2026,,2,319.8,387.45,311.25,363.8,13.7585991244528,410859864,60,6847664.4,34,24,1,76.2,0.217035790493054,9.42083333333333,8.82333333333333,2026-04-21T00:00:00+05:30,2026-04-02T00:00:00+05:30
ABB,2026,,2,6180,7822.5,5916.5,7031,13.7702265372168,26792052,60,446534.2,36,23,0,1906,0.275649291955408,216.441666666667,205.925,2026-04-22T00:00:00+05:30,2026-04-02T00:00:00+05:30
SHRIRAMFIN,2026,,2,915.6,1062.7,863.45,1042.15,13.8215377894277,396336412,60,6605606.86666667,33,26,0,199.25,0.205633904567292,30.8133333333333,26.9891666666667,2026-04-21T00:00:00+05:30,2026-04-02T00:00:00+05:30
MID150BEES,2026,,2,206.31,239.89,198.81,235.19,13.9983519945713,60176873,60,1002947.88333333,36,23,0,41.08,0.179724026494856,4.42883333333333,4.22533333333333,2026-06-23T00:00:00+05:30,2026-04-02T00:00:00+05:30
MOM30IETF,2026,,2,27.6,32.52,27.39,31.47,14.0217391304348,106586072,60,1776434.53333333,29,29,1,5.13,0.166213063763608,0.612666666666666,0.577333333333333,2026-06-25T00:00:00+05:30,2026-04-02T00:00:00+05:30
PSB,2026,,2,21.25,26.33,21.2,24.24,14.0705882352941,107357288,60,1789288.13333333,27,32,0,5.13,0.211009803249469,0.691166666666667,0.656,2026-05-08T00:00:00+05:30,2026-04-01T00:00:00+05:30
ARFIN,2026,,2,75.1,106.2,74.01,85.8,14.2476697736352,138960664,60,2316011.06666667,34,25,0,32.19,0.35194367151924,4.78716666666667,4.6805,2026-05-12T00:00:00+05:30,2026-04-02T00:00:00+05:30
V2RETAIL,2026,,2,198.2,259.25,180,226.79,14.4248234106963,91403421,60,1523390.35,30,29,0,79.25,0.362560293281159,10.5115,10.1808333333333,2026-06-04T00:00:00+05:30,2026-04-02T00:00:00+05:30
SANDUMA,2026,,2,177.25,253.9,174.86,202.85,14.4428772919605,121218000,60,2020300,29,30,0,79.04,0.36754243199256,8.61483333333334,8.03333333333333,2026-05-08T00:00:00+05:30,2026-04-02T00:00:00+05:30
AXISBANK,2026,,2,1175,1400.1,1150.3,1345.7,14.5276595744681,440878132,60,7347968.86666667,31,28,0,249.8,0.191366544562179,30.175,27.8316666666667,2026-06-25T00:00:00+05:30,2026-04-02T00:00:00+05:30
RPOWER,2026,,2,21.65,30.8,21.08,24.84,14.7344110854504,3277294986,60,54621583.1,28,30,1,9.72,0.359611530753815,1.25683333333333,1.20833333333333,2026-04-23T00:00:00+05:30,2026-04-01T00:00:00+05:30
AADHARHFC,2026,,2,449.05,542,433.25,515.6,14.8201759269569,27961732,60,466028.866666667,31,28,0,108.75,0.225455186246715,16.025,15.4416666666667,2026-06-25T00:00:00+05:30,2026-04-02T00:00:00+05:30
THOMASCOOK,2026,,2,94,117,88,108.09,14.9893617021277,210957015,60,3515950.25,28,31,0,29,0.287695558575808,4.76333333333333,4.5025,2026-06-18T00:00:00+05:30,2026-05-13T00:00:00+05:30
APOLLOHOSP,2026,,2,7549,8770,7150.5,8682,15.0086104119751,25203401,60,420056.683333333,35,24,0,1619.5,0.201555693839452,157.041666666667,154.541666666667,2026-06-30T00:00:00+05:30,2026-04-02T00:00:00+05:30
UCOBANK,2026,,2,23.45,30.04,22.83,26.99,15.0959488272921,517957550,60,8632625.83333333,29,30,0,7.21,0.277606653318959,0.7015,0.65,2026-06-17T00:00:00+05:30,2026-04-02T00:00:00+05:30
PVTBANIETF,2026,,2,24.53,28.93,24.18,28.24,15.1243375458622,414789018,60,6913150.3,28,31,0,4.75,0.176610564410183,0.569333333333334,0.542666666666667,2026-06-25T00:00:00+05:30,2026-04-02T00:00:00+05:30
TIINDIA,2026,,2,2630,3335.2,2472.8,3029.3,15.1825095057034,21130092,60,352168.2,34,25,0,862.4,0.289522760806326,107.37,104.243333333333,2026-06-24T00:00:00+05:30,2026-04-02T00:00:00+05:30
JAYNECOIND,2026,,2,73.7,117,72.5,84.95,15.2645861601085,388878257,60,6481304.28333333,30,29,0,44.5,0.461116004352106,4.93483333333333,4.73,2026-05-08T00:00:00+05:30,2026-04-02T00:00:00+05:30
PAYTM,2026,,2,989.95,1223,962,1141.5,15.3088539825244,163194273,60,2719904.55,25,34,0,261,0.235134782079907,39.2033333333334,37.1808333333334,2026-05-08T00:00:00+05:30,2026-04-02T00:00:00+05:30
PREMIERENE,2026,,2,911,1103.9,884.05,1051,15.3677277716795,116316344,60,1938605.73333333,35,24,0,219.85,0.215705047753216,33.2266666666667,32.3608333333333,2026-06-09T00:00:00+05:30,2026-04-01T00:00:00+05:30
INOXWIND,2026,,2,78.08,108.27,76.78,90.12,15.4200819672131,986750494,60,16445841.5666667,29,30,0,31.49,0.33876303262302,3.878,3.64533333333333,2026-05-08T00:00:00+05:30,2026-04-02T00:00:00+05:30
MCX,2026,,2,2449.9,3480,2360,2837.2,15.8088085227968,204423190,60,3407053.16666667,32,27,0,1120,0.383146568386531,102.793333333333,99.76,2026-05-21T00:00:00+05:30,2026-04-02T00:00:00+05:30
LICI,2026,,2,372.5,450.2,360.75,431.65,15.8791946308725,191548190,60,3192469.83333333,28,31,0,89.45,0.220033412936751,9.64283333333334,8.6395,2026-06-19T00:00:00+05:30,2026-04-02T00:00:00+05:30
IIFL,2026,,2,438,546.15,409.1,507.8,15.9360730593607,199372113,60,3322868.55,32,27,0,137.05,0.28847520000842,19.6941666666667,18.5941666666667,2026-06-23T00:00:00+05:30,2026-04-27T00:00:00+05:30
TFCILTD,2026,,2,66.39,84.61,63.8,77.07,16.086760054225,322787073,60,5379784.55,28,31,0,20.81,0.28150913788672,3.03516666666667,2.95016666666667,2026-05-08T00:00:00+05:30,2026-04-02T00:00:00+05:30
HDFCAMC,2026,,2,2285,2872.4,2241.2,2653.2,16.1137855579869,63662870,60,1061047.83333333,33,26,0,631.2,0.238684813401441,81.2683333333334,74.99,2026-05-08T00:00:00+05:30,2026-04-02T00:00:00+05:30
MAZDOCK,2026,,2,2150,2810,2120,2496.6,16.1209302325581,90930979,60,1515516.31666667,33,26,0,690,0.275271448233675,78.0250000000001,73.435,2026-04-29T00:00:00+05:30,2026-04-01T00:00:00+05:30
EDELWEISS,2026,,2,103.99,133.9,101.72,120.81,16.1746321761708,304065473,60,5067757.88333333,29,30,0,32.18,0.277492735002199,4.9545,4.7875,2026-06-23T00:00:00+05:30,2026-04-02T00:00:00+05:30
MIDCAPETF,2026,,2,20.02,23.96,19.6,23.28,16.2837162837163,203124842,60,3385414.03333333,36,22,1,4.36,0.193011450832251,0.467666666666666,0.437666666666667,2026-05-29T00:00:00+05:30,2026-04-02T00:00:00+05:30
SINDHUTRAD,2026,,2,21.31,28.2,21.31,24.82,16.4711403097138,169012772,60,2816879.53333333,27,32,0,6.89,0.28317783897086,1.11666666666667,1.09933333333333,2026-05-21T00:00:00+05:30,2026-04-01T00:00:00+05:30
CIPLA,2026,,2,1255,1490.1,1165.7,1465.4,16.7649402390438,124168135,60,2069468.91666667,33,26,0,324.4,0.241903310759502,30.2766666666667,28.795,2026-06-29T00:00:00+05:30,2026-04-02T00:00:00+05:30
MAXHEALTH,2026,,2,966.2,1159,903,1129.25,16.875388118402,169859910,60,2830998.5,36,23,0,256,0.252288624098984,28.8075,27.9875,2026-06-29T00:00:00+05:30,2026-04-07T00:00:00+05:30
NLCINDIA,2026,,2,274.8,387.8,261.1,322,17.1761280931587,484111782,60,8068529.7,26,33,0,126.7,0.397723111050655,13.7675,13.0416666666667,2026-05-14T00:00:00+05:30,2026-04-13T00:00:00+05:30
SAMBHV,2026,,2,92.5,141.32,92.5,108.46,17.254054054054,94557998,60,1575966.63333333,29,30,0,48.82,0.434415714423426,5.22733333333333,5.11083333333333,2026-05-11T00:00:00+05:30,2026-04-01T00:00:00+05:30
HARDWYN,2026,,2,20.49,28.28,19.95,24.05,17.3743289409468,258747467,60,4312457.78333333,33,26,0,8.33,0.344414123873315,1.1765,1.13933333333333,2026-06-01T00:00:00+05:30,2026-04-01T00:00:00+05:30
BAJAJHFL,2026,,2,74.54,93,74.31,87.5,17.3866380466863,320841465,60,5347357.75,31,28,0,18.69,0.218141073898353,2.091,1.9615,2026-04-28T00:00:00+05:30,2026-04-01T00:00:00+05:30
TATACAP,2026,,2,311.5,379.95,296,365.9,17.4638844301766,196483365,60,3274722.75,27,32,0,83.95,0.258385207870053,9.47499999999999,9.06416666666666,2026-06-19T00:00:00+05:30,2026-06-02T00:00:00+05:30
HITECH,2026,,2,74.85,97.17,72.38,87.99,17.5551102204409,54419535,60,906992.25,33,26,0,24.79,0.281357644268147,3.59016666666667,3.35633333333333,2026-06-23T00:00:00+05:30,2026-04-01T00:00:00+05:30
BAJAJHLDNG,2026,,2,8999,10995,8588,10603,17.8242026891877,2963174,60,49386.2333333333,34,25,0,2407,0.234677777109736,291.508333333333,278.491666666667,2026-06-23T00:00:00+05:30,2026-04-02T00:00:00+05:30
JSWCEMENT,2026,,2,114.5,142.5,111.94,134.92,17.8340611353712,304877089,60,5081284.81666667,28,31,0,30.56,0.241410545385604,3.97083333333333,3.80716666666667,2026-05-22T00:00:00+05:30,2026-04-02T00:00:00+05:30
ALPHA,2026,,2,43.68,52.67,42.36,51.51,17.9258241758242,97321649,60,1622027.48333333,37,22,0,10.31,0.208561612660695,1.207,1.16466666666667,2026-06-23T00:00:00+05:30,2026-04-02T00:00:00+05:30
RCF,2026,,2,111,140,109.71,130.95,17.972972972973,137515219,60,2291920.31666667,33,26,0,30.29,0.236364865989679,4.32033333333333,4.02633333333333,2026-06-22T00:00:00+05:30,2026-04-01T00:00:00+05:30
INTELLECT,2026,,2,607.95,834.4,607.95,717.25,17.9784521753434,36811901,60,613531.683333333,30,29,0,226.45,0.314675232787181,28.8458333333333,27.6775,2026-05-08T00:00:00+05:30,2026-04-01T00:00:00+05:30
DIXON,2026,,2,10100,12930,9732,11920,18.019801980198,39913675,60,665227.916666667,28,31,0,3198,0.282827181065849,389.758333333333,370.158333333333,2026-06-18T00:00:00+05:30,2026-04-02T00:00:00+05:30
POONAWALLA,2026,,2,373,468.3,366.7,441.05,18.2439678284182,135256434,60,2254273.9,33,26,0,101.6,0.247057679214084,14.72,14.1541666666667,2026-05-08T00:00:00+05:30,2026-04-02T00:00:00+05:30
TATACHEM,2026,,2,605,854.85,592.5,715.95,18.3388429752066,120475853,60,2007930.88333333,26,33,0,262.35,0.358276422061051,28.8941666666667,28.2141666666667,2026-04-30T00:00:00+05:30,2026-04-02T00:00:00+05:30
ASIANPAINT,2026,,2,2224.8,2832.7,2142.4,2635.7,18.4690758719885,85110811,60,1418513.51666667,32,27,0,690.3,0.269911495774202,62.5383333333333,57.8716666666667,2026-06-15T00:00:00+05:30,2026-04-02T00:00:00+05:30
AUROPHARMA,2026,,2,1332.2,1588.9,1266.1,1578.7,18.503227743582,92127742,60,1535462.36666667,34,25,0,322.8,0.223883961340483,37.07,36.205,2026-06-30T00:00:00+05:30,2026-04-02T00:00:00+05:30
MBAPL,2026,,2,94.79,117,93.4,112.4,18.5779090621374,14360011,60,239333.516666667,31,28,0,23.6,0.217449058411793,4.10633333333333,4.07183333333333,2026-05-08T00:00:00+05:30,2026-04-01T00:00:00+05:30
KOTHARIPET,2026,,2,104.45,153.75,99.9,123.88,18.6022020105313,4436187,60,73936.45,29,30,0,53.85,0.423967898636112,5.65383333333333,5.50916666666667,2026-05-11T00:00:00+05:30,2026-04-01T00:00:00+05:30
KTKBANK,2026,,2,230,282.95,217,273.4,18.8695652173913,178582878,60,2976381.3,27,32,0,65.95,0.255230713859086,9.296,8.9685,2026-06-15T00:00:00+05:30,2026-04-02T00:00:00+05:30
FORTIS,2026,,2,804.45,1010.1,766.8,956.95,18.9570514015787,92036535,60,1533942.25,34,24,1,243.3,0.260252408110291,25.3783333333333,25.0291666666667,2026-06-10T00:00:00+05:30,2026-04-02T00:00:00+05:30
GRASIM,2026,,2,2602,3200,2514.2,3100,19.1391237509608,51899699,60,864994.983333333,35,24,0,685.8,0.232545653784575,64.395,60.2916666666667,2026-06-17T00:00:00+05:30,2026-04-02T00:00:00+05:30
NITCO,2026,,2,90.49,117.94,81.7,107.89,19.2286440490662,86271338,60,1437855.63333333,29,30,0,36.24,0.37754981560067,5.46083333333334,5.378,2026-06-22T00:00:00+05:30,2026-04-09T00:00:00+05:30
DLF,2026,,2,519.95,644,489.4,620.05,19.2518511395326,256982826,60,4283047.1,33,26,0,154.6,0.262705132180954,17.8466666666667,16.4741666666667,2026-06-18T00:00:00+05:30,2026-04-02T00:00:00+05:30
INDHOTEL,2026,,2,597,740,565,713.95,19.5896147403685,156848257,60,2614137.61666667,35,24,0,175,0.265137120080602,17.2941666666667,16.1858333333333,2026-06-22T00:00:00+05:30,2026-04-02T00:00:00+05:30
CHOICEIN,2026,,2,629.8,760,615.35,753.2,19.5935217529375,43757188,60,729286.466666667,34,25,0,144.65,0.21117970105383,19.2816666666667,17.875,2026-06-30T00:00:00+05:30,2026-04-02T00:00:00+05:30
SIEMENS,2026,,2,3010,3937.3,2906,3599.9,19.5980066445183,30907114,60,515118.566666667,34,25,0,1031.3,0.284173704265177,121.338333333333,116.051666666667,2026-05-29T00:00:00+05:30,2026-04-02T00:00:00+05:30
NESTLEIND,2026,,2,1174.8,1498.1,1159.4,1405.2,19.611848825332,133870728,60,2231178.8,32,27,0,338.7,0.2446835921603,31.8716666666667,31.5033333333334,2026-05-11T00:00:00+05:30,2026-04-02T00:00:00+05:30
HEXT,2026,,2,430,552.5,422.7,514.85,19.7325581395349,47392452,60,789874.2,33,26,0,129.8,0.265388114783427,18.4475,17.7425,2026-06-02T00:00:00+05:30,2026-04-02T00:00:00+05:30
PPLPHARMA,2026,,2,140,196.44,136.26,168.09,20.0642857142857,426542822,60,7109047.03333333,27,32,0,60.18,0.36740562260438,6.455,6.33916666666667,2026-05-07T00:00:00+05:30,2026-04-02T00:00:00+05:30
CROMPTON,2026,,2,228.7,310.5,224.85,274.75,20.135548753826,255147399,60,4252456.65,30,29,0,85.65,0.318044032295797,8.92533333333333,8.50116666666666,2026-05-15T00:00:00+05:30,2026-04-02T00:00:00+05:30
DCW,2026,,2,39.45,53.5,38.64,47.44,20.2534854245881,106924156,60,1782069.26666667,33,26,0,14.86,0.316091750274754,2.01133333333333,1.91283333333333,2026-05-06T00:00:00+05:30,2026-04-01T00:00:00+05:30
TMB,2026,,2,609,798.25,597.65,733.45,20.4351395730706,29031557,60,483859.283333333,28,30,1,200.6,0.283558284232077,29.0275,28.2016666666667,2026-06-18T00:00:00+05:30,2026-04-02T00:00:00+05:30
AUBANK,2026,,2,859.65,1079.55,831.65,1037.05,20.6363054731577,131118648,60,2185310.8,31,28,0,247.9,0.248880381302012,28.5766666666667,27.345,2026-04-24T00:00:00+05:30,2026-04-02T00:00:00+05:30
BAJFINANCE,2026,,2,832.8,1010.95,792.45,1004.75,20.647214217099,579980417,60,9666340.28333333,34,25,0,218.5,0.237261663781582,25.3291666666667,22.8608333333333,2026-06-30T00:00:00+05:30,2026-04-02T00:00:00+05:30
INDUSINDBK,2026,,2,765.95,957.9,754,924.2,20.6606175337816,142138409,60,2368973.48333333,34,24,1,203.9,0.228782156712224,24.7216666666667,22.6483333333333,2026-05-08T00:00:00+05:30,2026-04-02T00:00:00+05:30
CAPACITE,2026,,2,210,287,204.02,253.73,20.8238095238095,25144687,60,419078.116666667,29,29,1,82.98,0.350962277264992,11.1125,10.6265,2026-06-23T00:00:00+05:30,2026-04-02T00:00:00+05:30
PIDILITIND,2026,,2,1317.9,1620.7,1259,1592.7,20.8513544274983,62540334,60,1042338.9,34,25,0,361.7,0.249526288678759,33.555,29.885,2026-06-25T00:00:00+05:30,2026-04-06T00:00:00+05:30
BDL,2026,,2,1132.2,1481.2,1120.2,1368.4,20.8620385090973,91581320,60,1526355.33333333,32,26,1,361,0.274286929961858,45.4016666666667,42.9833333333334,2026-05-08T00:00:00+05:30,2026-04-01T00:00:00+05:30
COCHINSHIP,2026,,2,1244.9,1842.8,1228.1,1507.9,21.1261948750904,121842406,60,2030706.76666667,31,28,0,614.7,0.403239737514787,59.4683333333334,55.7683333333333,2026-05-08T00:00:00+05:30,2026-04-01T00:00:00+05:30
HDFCSML250,2026,,2,147.25,182.75,143.87,178.66,21.3310696095076,133763974,60,2229399.56666667,37,22,0,38.88,0.230697571385906,3.4555,3.27466666666666,2026-06-22T00:00:00+05:30,2026-04-02T00:00:00+05:30
SEIL,2026,,2,178.3,224.8,172.9,216.82,21.6040381379697,23003956,49,469468.489795918,23,25,0,51.9,0.26216336578547,9.49918367346939,9.29061224489796,2026-06-25T00:00:00+05:30,2026-04-21T00:00:00+05:30
CUMMINSIND,2026,,2,4640,6100,4470,5659.5,21.9719827586207,33908775,60,565146.25,34,25,0,1630,0.303113796915616,155.148333333333,149.546666666667,2026-05-29T00:00:00+05:30,2026-04-02T00:00:00+05:30
SMALLCAP,2026,,2,37.98,47.71,37.76,46.37,22.0905739863086,149815637,60,2496927.28333333,37,22,0,9.95,0.224567791637201,0.951166666666666,0.905333333333333,2026-06-25T00:00:00+05:30,2026-04-01T00:00:00+05:30
JSWENERGY,2026,,2,477.5,617.35,466.3,583.15,22.1256544502618,232742159,60,3879035.98333333,36,23,0,151.05,0.273651632383469,18.1775,17.3058333333333,2026-05-29T00:00:00+05:30,2026-04-02T00:00:00+05:30
HAL,2026,,2,3581.4,4836.3,3545,4381.2,22.332048919417,74147641,60,1235794.01666667,33,26,0,1291.3,0.298791114244274,117.323333333333,112.61,2026-05-08T00:00:00+05:30,2026-04-01T00:00:00+05:30
SOLARWORLD,2026,,2,149.8,242,147.56,183.36,22.4032042723632,29285079,60,488084.65,28,31,0,94.44,0.481672900374022,10.3611666666667,10.0253333333333,2026-05-26T00:00:00+05:30,2026-04-01T00:00:00+05:30
PARADEEP,2026,,2,111.01,140.4,109.22,136.03,22.5385100441402,352291225,60,5871520.41666667,31,28,0,31.18,0.245501501249291,4.92533333333333,4.80683333333333,2026-06-22T00:00:00+05:30,2026-04-01T00:00:00+05:30
JISLJALEQS,2026,,2,28.99,37.89,27.8,35.55,22.6284925836495,278449269,60,4640821.15,32,27,0,10.09,0.314720759405493,1.5035,1.4345,2026-06-23T00:00:00+05:30,2026-04-02T00:00:00+05:30
ANANTRAJ,2026,,2,425,598.8,420.35,521.25,22.6470588235294,172383920,60,2873065.33333333,31,28,0,178.45,0.348478437754272,21.1316666666667,19.7191666666667,2026-06-05T00:00:00+05:30,2026-04-01T00:00:00+05:30
GAIL,2026,,2,141.4,178.47,137.5,173.46,22.6732673267327,662637709,60,11043961.8166667,30,29,0,40.97,0.250346770300575,4.186,3.9075,2026-06-22T00:00:00+05:30,2026-04-02T00:00:00+05:30
OMAXE,2026,,2,65.9,93.7,65.9,80.85,22.6858877086495,44684297,60,744738.283333333,32,27,0,27.8,0.353965774820046,4.1835,4.08833333333334,2026-05-08T00:00:00+05:30,2026-04-01T00:00:00+05:30
NSLNISP,2026,,2,34.87,53.75,34.07,42.85,22.8850014338973,584298467,60,9738307.78333333,28,31,0,19.68,0.446607890526602,1.77266666666667,1.672,2026-06-02T00:00:00+05:30,2026-04-01T00:00:00+05:30
OBEROIRLTY,2026,,2,1439.1,1784.9,1414,1769.2,22.9379473281912,31742812,60,529046.866666667,35,24,0,370.9,0.222929681082532,48.79,46.2833333333333,2026-06-30T00:00:00+05:30,2026-04-02T00:00:00+05:30
SONATSOFTW,2026,,2,217.5,324.9,212.55,267.65,23.0574712643678,160451760,60,2674196,28,31,0,112.35,0.420224119530416,12.44,11.783,2026-06-18T00:00:00+05:30,2026-04-02T00:00:00+05:30
GODREJPROP,2026,,2,1516.8,1951.9,1434,1866.6,23.0617088607595,52739133,60,878985.55,34,25,0,517.9,0.29592143806734,59.4166666666667,54.845,2026-05-04T00:00:00+05:30,2026-04-02T00:00:00+05:30
HUDCO,2026,,2,166.5,235.5,161,205.02,23.1351351351351,252163739,60,4202728.98333333,35,23,1,74.5,0.363658847323487,6.72316666666666,6.50633333333333,2026-05-08T00:00:00+05:30,2026-04-02T00:00:00+05:30
RTNINDIA,2026,,2,27,41.34,26.62,33.36,23.5555555555556,200124264,60,3335404.4,31,28,0,14.72,0.424101569252636,1.62966666666667,1.55416666666667,2026-06-04T00:00:00+05:30,2026-04-01T00:00:00+05:30
FEDERALBNK,2026,,2,266.45,331.8,256.5,330.05,23.8693938825296,745257721,60,12420962.0166667,36,22,1,75.3,0.253897249727445,7.39499999999999,7.15499999999999,2026-06-30T00:00:00+05:30,2026-04-02T00:00:00+05:30
CAMS,2026,,2,642,844.9,630.45,796.85,24.1199376947041,96707445,60,1611790.75,35,24,0,214.45,0.280787129226019,23.7966666666667,22.255,2026-05-08T00:00:00+05:30,2026-04-02T00:00:00+05:30
MANAPPURAM,2026,,2,260.45,334,247.8,324.2,24.476866961029,238457880,60,3974298,32,27,0,86.2,0.28658343999867,9.90666666666666,9.25833333333333,2026-05-25T00:00:00+05:30,2026-04-02T00:00:00+05:30
DCXINDIA,2026,,2,159.4,225.96,158.11,198.72,24.6675031367629,85991938,60,1433198.96666667,36,23,0,67.85,0.349639238609242,9.25483333333333,8.79666666666666,2026-05-08T00:00:00+05:30,2026-04-01T00:00:00+05:30
LTF,2026,,2,248.86,312,234.9,310.75,24.8694044844491,346412900,60,5773548.33333333,27,32,0,77.1,0.274582428149151,9.369,8.487,2026-06-30T00:00:00+05:30,2026-04-02T00:00:00+05:30
BELRISE,2026,,2,190.81,252,184.21,238.57,25.0301346889576,275054537,60,4584242.28333333,32,27,0,67.79,0.310759930809806,7.822,7.38166666666667,2026-06-25T00:00:00+05:30,2026-04-02T00:00:00+05:30
RBLBANK,2026,,2,295,381.7,292.2,369.05,25.1016949152542,362371294,60,6039521.56666667,32,27,0,89.5,0.263853539175126,10.8191666666667,10.3058333333333,2026-06-22T00:00:00+05:30,2026-04-02T00:00:00+05:30
DELTACORP,2026,,2,50.9,86.4,50.66,63.7,25.147347740668,396687743,60,6611462.38333333,27,31,1,35.74,0.530560943747279,3.84516666666667,3.70183333333334,2026-05-27T00:00:00+05:30,2026-04-01T00:00:00+05:30
ZYDUSLIFE,2026,,2,888,1128.5,835.5,1112.6,25.2927927927928,90705395,60,1511756.58333333,37,22,0,293,0.292640783438329,26.1516666666667,24.8466666666667,2026-06-30T00:00:00+05:30,2026-04-02T00:00:00+05:30
BHARATFORG,2026,,2,1710,2238,1610.2,2144.1,25.3859649122807,85148296,60,1419138.26666667,36,23,0,627.8,0.327521054800738,61.1883333333334,58.9466666666667,2026-06-29T00:00:00+05:30,2026-04-07T00:00:00+05:30
ENGINERSIN,2026,,2,191.33,267,188.46,240.61,25.7565462812941,313175233,60,5219587.21666667,32,26,1,78.54,0.33059868922292,10.2338333333333,9.70816666666667,2026-05-07T00:00:00+05:30,2026-04-01T00:00:00+05:30
ITCHOTELS,2026,,2,143.01,184.2,141.73,179.99,25.8583315852038,284186891,60,4736448.18333333,31,28,0,42.47,0.267444167015639,4.83366666666667,4.549,2026-06-23T00:00:00+05:30,2026-04-02T00:00:00+05:30
SONACOMS,2026,,2,492,632.2,478.3,619.9,25.9959349593496,137002407,60,2283373.45,36,23,0,153.9,0.262965668371074,18.2658333333333,17.7916666666667,2026-06-25T00:00:00+05:30,2026-04-02T00:00:00+05:30
MANKIND,2026,,2,2016,2638.6,1928,2545.6,26.2698412698413,37853183,60,630886.383333333,32,27,0,710.6,0.305489437987134,69.985,69.3983333333334,2026-05-21T00:00:00+05:30,2026-04-02T00:00:00+05:30
MOREALTY,2026,,2,65.4,83.6,64,82.75,26.5290519877676,60286525,60,1004775.41666667,33,26,0,19.6,0.252076523230266,2.06683333333333,1.96133333333333,2026-06-25T00:00:00+05:30,2026-04-02T00:00:00+05:30
BHARATCOAL,2026,,2,31,44.4,30.78,39.33,26.8709677419355,2044787010,60,34079783.5,28,31,0,13.62,0.37360788544886,1.68166666666667,1.63166666666667,2026-06-18T00:00:00+05:30,2026-04-01T00:00:00+05:30
SOUTHBANK,2026,,2,35.88,49.79,35.21,45.63,27.1739130434783,1016302671,60,16938377.85,33,26,0,14.58,0.350647945134098,1.39266666666667,1.33083333333333,2026-06-18T00:00:00+05:30,2026-04-02T00:00:00+05:30
INDOFARM,2026,,2,115.85,159.9,115,147.53,27.3457056538628,13880304,60,231338.4,30,29,0,44.9,0.32736446090583,6.85816666666667,6.63366666666667,2026-06-22T00:00:00+05:30,2026-04-01T00:00:00+05:30
EUROPRATIK,2026,,2,221.08,290.95,214.36,281.6,27.3747059887823,16627757,60,277129.283333333,32,27,0,76.59,0.294849848192814,11.6511666666667,11.3465,2026-06-30T00:00:00+05:30,2026-04-02T00:00:00+05:30
PHOENIXLTD,2026,,2,1529.5,1969.7,1466.2,1948.6,27.401111474338,30932606,60,515543.433333333,33,26,0,503.5,0.283821604827504,54.48,52.6266666666667,2026-06-30T00:00:00+05:30,2026-04-02T00:00:00+05:30
COFORGE,2026,,2,1150,1554,1130,1465.7,27.4521739130435,238553314,60,3975888.56666667,32,27,0,424,0.315880050014341,52.2816666666667,48.155,2026-06-02T00:00:00+05:30,2026-04-02T00:00:00+05:30
ELGIRUBCO,2026,,2,35,57.75,34.19,44.63,27.5142857142857,3559232,60,59320.5333333333,28,31,0,23.56,0.484242258152919,3.54233333333333,3.43783333333333,2026-04-16T00:00:00+05:30,2026-04-01T00:00:00+05:30
MOSCHIP,2026,,2,161.87,236.7,155.37,206.49,27.5653302032495,172792738,60,2879878.96666667,30,29,0,81.33,0.399889206482404,9.98266666666667,9.37766666666667,2026-05-08T00:00:00+05:30,2026-04-01T00:00:00+05:30
CHOLAFIN,2026,,2,1401.9,1823.9,1299.4,1789.8,27.6695912689921,119262202,60,1987703.36666667,32,27,0,524.5,0.333143489887131,51.5666666666667,45.5966666666667,2026-06-29T00:00:00+05:30,2026-04-02T00:00:00+05:30
MANINFRA,2026,,2,81.59,138.69,80.3,104.18,27.6872165706582,143559454,60,2392657.56666667,32,27,0,58.39,0.527012512673633,5.309,5.16116666666667,2026-05-08T00:00:00+05:30,2026-04-02T00:00:00+05:30
VBL,2026,,2,397.3,555.8,389.05,507.55,27.749811225774,409560431,60,6826007.18333333,31,28,0,166.75,0.334094130729147,14.6458333333333,13.9941666666667,2026-06-17T00:00:00+05:30,2026-04-01T00:00:00+05:30
GROWW,2026,,2,158,227.2,154.15,202.07,27.8924050632911,3303949369,60,55065822.8166667,31,28,0,73.05,0.372399132343158,8.50033333333333,8.0735,2026-04-29T00:00:00+05:30,2026-04-01T00:00:00+05:30
PAGEIND,2026,,2,32305,41905,32000,41370,28.0606717226436,1871538,60,31192.3,37,22,0,9905,0.262596849986634,1043.91666666667,1024.91666666667,2026-06-25T00:00:00+05:30,2026-04-01T00:00:00+05:30
TEXRAIL,2026,,2,83.99,130.75,82.35,107.66,28.1819264198119,335909651,60,5598494.18333333,32,27,0,48.4,0.456002939523081,4.56566666666667,4.12216666666667,2026-05-14T00:00:00+05:30,2026-04-01T00:00:00+05:30
DCAL,2026,,2,136.73,224.4,132.2,175.37,28.2600745995758,35097880,60,584964.666666667,33,26,0,92.2,0.515490335488043,9.23666666666667,9.0065,2026-05-21T00:00:00+05:30,2026-04-01T00:00:00+05:30
PCBL,2026,,2,250,327.5,246.34,321.15,28.46,104456257,60,1740937.61666667,39,20,0,81.16,0.279893436333382,11.303,10.6963333333333,2026-06-30T00:00:00+05:30,2026-04-02T00:00:00+05:30
JSWINFRA,2026,,2,250.71,343.45,233.42,322.15,28.4950739898688,200970725,60,3349512.08333333,34,25,0,110.03,0.394804356016434,9.79366666666667,9.11533333333333,2026-06-24T00:00:00+05:30,2026-04-07T00:00:00+05:30
NYKAA,2026,,2,241,312.9,233.01,310.85,28.9834024896266,408877244,60,6814620.73333333,34,25,0,79.89,0.295368711768718,7.83983333333333,7.62466666666666,2026-06-30T00:00:00+05:30,2026-04-02T00:00:00+05:30
GMRAIRPORT,2026,,2,86.86,113.36,85.71,112.09,29.0467418834907,1232001321,60,20533355.35,33,25,1,27.65,0.278680208161853,3.05816666666667,2.79933333333333,2026-06-30T00:00:00+05:30,2026-04-02T00:00:00+05:30
BCLIND,2026,,2,26.21,39.98,26.21,33.84,29.1110263258298,83973143,60,1399552.38333333,27,31,1,13.77,0.400686725251702,1.69383333333333,1.65516666666667,2026-06-11T00:00:00+05:30,2026-04-01T00:00:00+05:30
NARMADA,2026,,2,31,45.17,31,40.09,29.3225806451613,58215068,60,970251.133333333,34,24,1,14.17,0.393085177702056,1.9805,1.94133333333333,2026-06-10T00:00:00+05:30,2026-04-01T00:00:00+05:30
MODEFENCE,2026,,2,80.93,107.99,79.57,104.67,29.3339923390584,179110118,60,2985168.63333333,38,21,0,28.42,0.289044383873724,2.70616666666667,2.63666666666667,2026-06-23T00:00:00+05:30,2026-04-01T00:00:00+05:30
ABCAPITAL,2026,,2,303,399.35,287.7,391.95,29.3564356435644,280959171,60,4682652.85,32,27,0,111.65,0.316578924983224,11.525,10.5641666666667,2026-06-25T00:00:00+05:30,2026-04-02T00:00:00+05:30
NBCC,2026,,2,81.1,114.29,79.29,104.93,29.383477188656,942724128,60,15712068.8,32,27,0,35,0.358879884611572,3.36516666666667,3.1615,2026-06-18T00:00:00+05:30,2026-04-02T00:00:00+05:30
NAZARA,2026,,2,233.78,314,228.38,303.1,29.6518093934468,197454261,60,3290904.35,30,29,0,85.62,0.311033478541221,9.83133333333333,9.661,2026-05-15T00:00:00+05:30,2026-04-02T00:00:00+05:30
ROLEXRINGS,2026,,2,115.25,176,113,149.58,29.7874186550976,297567906,60,4959465.1,35,24,0,63,0.444662985453168,5.52816666666667,5.2345,2026-04-22T00:00:00+05:30,2026-04-02T00:00:00+05:30
ATALREAL,2026,,2,21.65,32,21.56,28.19,30.2078521939954,353354188,60,5889236.46666667,34,25,0,10.44,0.375314559616537,1.39016666666667,1.36233333333333,2026-06-17T00:00:00+05:30,2026-04-01T00:00:00+05:30
MMTC,2026,,2,52.1,78.35,51.87,68.05,30.6142034548944,602817639,60,10046960.65,33,26,0,26.48,0.403920222705259,2.98233333333333,2.8825,2026-06-17T00:00:00+05:30,2026-04-02T00:00:00+05:30
IDFCFIRSTB,2026,,2,60.84,81.46,58.08,79.49,30.6541748849441,1598600159,60,26643335.9833333,37,22,0,23.38,0.331453333553861,1.83583333333333,1.70583333333333,2026-06-22T00:00:00+05:30,2026-04-02T00:00:00+05:30
TARIL,2026,,2,268,372,263.55,351.35,31.1007462686567,295660452,60,4927674.2,31,28,0,108.45,0.344467972472208,15.0908333333333,14.1158333333333,2026-06-19T00:00:00+05:30,2026-04-02T00:00:00+05:30
BHARATSE,2026,,2,144.74,221.94,144.74,189.87,31.1800469807931,13799727,60,229995.45,35,24,0,77.2,0.421518175241267,9.52416666666667,9.2285,2026-05-07T00:00:00+05:30,2026-04-01T00:00:00+05:30
KEI,2026,,2,4131.2,5708,3953.3,5427.5,31.3782920216886,25035568,60,417259.466666667,32,27,0,1754.7,0.347235689662679,184.726666666667,176.273333333333,2026-06-23T00:00:00+05:30,2026-04-02T00:00:00+05:30
HEXAGON,2026,,2,48.25,67.9,48.1,63.41,31.419689119171,41728261,12,3477355.08333333,7,4,0,19.8,0.360054553720261,3.745,3.15916666666667,2026-06-29T00:00:00+05:30,2026-06-12T00:00:00+05:30
GVT&D,2026,,2,3760.9,5650,3650,4944,31.4578957164508,55263083,60,921051.383333333,32,27,0,2000,0.434533696458659,225.993333333333,216.506666666667,2026-06-23T00:00:00+05:30,2026-04-08T00:00:00+05:30
EXIDEIND,2026,,2,294.2,410.5,289.7,387.6,31.7471108089735,222866103,60,3714435.05,28,31,0,120.8,0.336301334904719,12.0125,11.4816666666667,2026-06-25T00:00:00+05:30,2026-04-02T00:00:00+05:30
TATATECH,2026,,2,519,784,517,684.1,31.8111753371869,107573385,60,1792889.75,38,21,0,267,0.406809100639544,22.2333333333333,21.1791666666667,2026-06-09T00:00:00+05:30,2026-04-02T00:00:00+05:30
PNBHOUSING,2026,,2,786.85,1105,754.3,1038.4,31.9692444557413,84009844,60,1400164.06666667,31,28,0,350.7,0.352240759790115,31.18,29.0158333333333,2026-05-27T00:00:00+05:30,2026-04-02T00:00:00+05:30
INDIGO,2026,,2,4063.8,5464.9,3970,5368.4,32.1029578227275,86718367,60,1445306.11666667,31,28,0,1494.9,0.327821518664416,147.153333333333,125.735,2026-06-25T00:00:00+05:30,2026-04-02T00:00:00+05:30
IDBI,2026,,2,63.1,92.25,62.87,83.53,32.3771790808241,1048110499,60,17468508.3166667,26,33,0,29.38,0.389504502016241,2.91016666666667,2.7645,2026-06-17T00:00:00+05:30,2026-04-01T00:00:00+05:30
GENUSPOWER,2026,,2,225.84,358.95,220.77,299.4,32.5717321997875,116310312,60,1938505.2,33,26,0,138.18,0.452509136636932,13.8818333333333,13.1728333333333,2026-06-24T00:00:00+05:30,2026-04-02T00:00:00+05:30
MEESHO,2026,,2,144.89,227.65,141.52,192.4,32.7903927117124,1888150986,60,31469183.1,25,34,0,86.13,0.484105765465661,9.68016666666667,9.54383333333334,2026-05-05T00:00:00+05:30,2026-04-02T00:00:00+05:30
FUSION,2026,,2,143,224.77,139.02,190.2,33.006993006993,34750075,60,579167.916666667,32,27,0,85.75,0.479093995541493,9.16566666666667,8.7335,2026-05-07T00:00:00+05:30,2026-04-02T00:00:00+05:30
RBA,2026,,2,59.3,81.9,58.01,79.18,33.5244519392918,351489226,60,5858153.76666667,36,22,1,23.89,0.353510442048358,1.549,1.49416666666667,2026-06-25T00:00:00+05:30,2026-04-02T00:00:00+05:30
SCI,2026,,2,228,368.75,220.32,305.3,33.9035087719298,676840040,60,11280667.3333333,33,26,0,148.43,0.496000329708948,15.1491666666667,14.6878333333333,2026-05-11T00:00:00+05:30,2026-04-02T00:00:00+05:30
SBC,2026,,2,30.9,45,29.5,41.38,33.915857605178,828105828,60,13801763.8,36,23,0,15.5,0.433215014393918,1.131,1.0955,2026-06-19T00:00:00+05:30,2026-04-01T00:00:00+05:30
ADANIPORTS,2026,,2,1351.2,1857.8,1332.6,1810.2,33.9698046181172,183399697,60,3056661.61666667,33,26,0,525.2,0.308434678346832,45.145,42.4033333333333,2026-06-10T00:00:00+05:30,2026-04-02T00:00:00+05:30
MUNJALAU,2026,,2,69.1,104.5,69.1,92.74,34.2112879884226,22925251,60,382087.516666667,34,25,0,35.4,0.405024284295012,3.81666666666667,3.58783333333334,2026-06-10T00:00:00+05:30,2026-04-01T00:00:00+05:30
AVANTEL,2026,,2,132.95,188.3,128.5,179.12,34.7273411056788,150264209,60,2504403.48333333,35,24,0,59.8,0.37200236389462,7.48866666666667,7.22316666666667,2026-05-27T00:00:00+05:30,2026-04-01T00:00:00+05:30
PATELRMART,2026,,2,160,228.69,155.1,216.05,35.03125,10721598,60,178693.3,31,28,0,73.59,0.365036401125021,9.31766666666667,9.062,2026-06-16T00:00:00+05:30,2026-04-01T00:00:00+05:30
REDINGTON,2026,,2,204.5,291.17,191.31,276.18,35.0513447432763,338084449,60,5634740.81666667,34,25,0,99.86,0.431486502543938,8.94333333333333,8.58233333333333,2026-06-25T00:00:00+05:30,2026-04-02T00:00:00+05:30
EMIL,2026,,2,90,129.1,89.79,121.73,35.2555555555556,97486539,60,1624775.65,31,28,0,39.31,0.350283660557816,5.20183333333333,5.017,2026-04-29T00:00:00+05:30,2026-04-02T00:00:00+05:30
PACEDIGITK,2026,,2,149.9,217,140.61,202.81,35.2968645763843,202035806,60,3367263.43333333,34,25,0,76.39,0.423087503069263,9.14183333333333,8.62483333333333,2026-06-24T00:00:00+05:30,2026-04-07T00:00:00+05:30
CGCL,2026,,2,168.1,231.36,162.86,227.66,35.4312908982748,187969343,60,3132822.38333333,30,28,1,68.5,0.352530067984266,6.79883333333333,6.57783333333333,2026-06-30T00:00:00+05:30,2026-04-02T00:00:00+05:30
BOSCHLTD,2026,,2,29445,41385,29120,39900,35.5068772287315,2972758,60,49545.9666666667,36,23,0,12265,0.329566981499644,1107.25,1067.08333333333,2026-06-25T00:00:00+05:30,2026-04-01T00:00:00+05:30
J&KBANK,2026,,2,114,167.15,109.78,154.74,35.7368421052632,279159441,60,4652657.35,33,26,0,57.37,0.411376369581429,5.17916666666667,4.9305,2026-06-18T00:00:00+05:30,2026-04-02T00:00:00+05:30
PRESTIGE,2026,,2,1150,1580.6,1090,1564.6,36.0521739130435,54683358,60,911389.3,37,22,0,490.6,0.352000841855526,50.4666666666667,47.4833333333334,2026-06-23T00:00:00+05:30,2026-04-02T00:00:00+05:30
IKIO,2026,,2,111.1,181.9,110.83,151.85,36.6786678667867,34428326,60,573805.433333333,30,29,0,71.07,0.465580436057208,7.5315,7.1835,2026-05-08T00:00:00+05:30,2026-04-01T00:00:00+05:30
FIVESTAR,2026,,2,369.15,527.95,348.8,505.1,36.8278477583638,99960853,60,1666014.21666667,29,30,0,179.15,0.390934566013169,19.7633333333333,19.0683333333333,2026-04-21T00:00:00+05:30,2026-04-02T00:00:00+05:30
YESBANK,2026,,2,17.66,25.78,17.3,24.18,36.9195922989807,7947941056,60,132465684.266667,34,25,0,8.48,0.389056263285874,0.6535,0.617166666666666,2026-06-18T00:00:00+05:30,2026-04-02T00:00:00+05:30
EQUITASBNK,2026,,2,55,80.14,51.73,75.41,37.1090909090909,264984005,60,4416400.08333333,33,26,0,28.41,0.410965839639905,2.63033333333333,2.49283333333333,2026-06-16T00:00:00+05:30,2026-04-02T00:00:00+05:30
FILATEX,2026,,2,37.86,55.8,37.86,51.91,37.1104067617538,65793351,60,1096555.85,31,28,0,17.94,0.386474123755018,2.095,2.039,2026-06-22T00:00:00+05:30,2026-04-01T00:00:00+05:30
MOTHERSON,2026,,2,107.99,155.25,102.82,148.11,37.1515881100102,1521784729,60,25363078.8166667,29,30,0,52.43,0.395862433462947,4.84766666666667,4.5085,2026-06-25T00:00:00+05:30,2026-04-02T00:00:00+05:30
BSE,2026,,2,2810.5,4446.8,2763,3865.6,37.5413627468422,252900286,60,4215004.76666667,37,22,0,1683.8,0.444769833768221,125.763333333333,119.588333333333,2026-05-27T00:00:00+05:30,2026-04-02T00:00:00+05:30
ATGL,2026,,2,530,859.85,509.15,731.55,38.0283018867924,392761962,60,6546032.7,34,25,0,350.7,0.532619866047698,31.7941666666667,31.0625,2026-05-29T00:00:00+05:30,2026-04-02T00:00:00+05:30
LODHA,2026,,2,692,974.9,650.8,955.25,38.0419075144509,165932604,60,2765543.4,36,23,0,324.1,0.368418958628177,33.0641666666667,30.6183333333333,2026-05-08T00:00:00+05:30,2026-04-02T00:00:00+05:30
POWERINDIA,2026,,2,25240,38785,24180,34920,38.351822503962,10203904,60,170065.066666667,39,20,0,14605,0.443854641783523,1284.83333333333,1242,2026-06-01T00:00:00+05:30,2026-04-02T00:00:00+05:30
ANGELONE,2026,,2,238.96,360.45,228.45,330.65,38.3704385671242,588115146,60,9801919.1,31,28,0,132,0.414533589520675,11.9966666666667,11.4123333333333,2026-06-19T00:00:00+05:30,2026-04-02T00:00:00+05:30
POLYCAB,2026,,2,7148.5,10126,6690.5,9961,39.3439183045394,24935131,60,415585.516666667,37,22,0,3435.5,0.387877259700695,241.758333333333,230.75,2026-06-22T00:00:00+05:30,2026-04-02T00:00:00+05:30
ENRIN,2026,,2,2640,3968,2521.7,3683.3,39.5189393939394,36208889,60,603481.483333333,31,28,0,1446.3,0.435501792132683,135.91,131.26,2026-05-29T00:00:00+05:30,2026-04-02T00:00:00+05:30
VIKRAN,2026,,2,54.5,81,52.75,76.23,39.8715596330275,290849101,60,4847485.01666667,29,30,0,28.25,0.402944945121038,3.6525,3.3145,2026-05-26T00:00:00+05:30,2026-04-02T00:00:00+05:30
ZEEL,2026,,2,74,118.35,72.1,103.51,39.8783783783784,2149069018,60,35817816.9666667,33,26,0,46.25,0.494001662693885,4.91266666666667,4.71416666666667,2026-06-23T00:00:00+05:30,2026-04-06T00:00:00+05:30
UDS,2026,,2,133.7,201.29,131.25,187.94,40.5684367988033,22101500,60,368358.333333333,30,29,0,70.04,0.413269791693301,8.05083333333334,7.85866666666667,2026-06-08T00:00:00+05:30,2026-04-01T00:00:00+05:30
PWL,2026,,2,87.98,131.42,85.95,124.13,41.0888838372357,537274066,60,8954567.76666667,36,23,0,45.47,0.418916823160348,5.28933333333333,5.14616666666667,2026-06-22T00:00:00+05:30,2026-04-02T00:00:00+05:30
MUTHOOTMF,2026,,2,151.81,217.99,145.8,214.37,41.2094064949608,46962321,60,782705.35,30,29,0,72.19,0.387562634216178,8.7935,8.64333333333333,2026-05-07T00:00:00+05:30,2026-04-02T00:00:00+05:30
BANDHANBNK,2026,,2,144.55,218.13,140.7,204.18,41.2521618817018,763990855,60,12733180.9166667,35,24,0,77.43,0.40220068479216,7.07466666666667,6.57583333333333,2026-06-16T00:00:00+05:30,2026-04-02T00:00:00+05:30
AEGISVOPAK,2026,,2,166,249.43,160.91,234.69,41.3795180722892,56764728,60,946078.8,35,24,0,88.52,0.43558740575682,9.5165,9.11716666666667,2026-06-23T00:00:00+05:30,2026-04-02T00:00:00+05:30
CGPOWER,2026,,2,673,969.9,655.6,952.15,41.4784546805349,237025416,60,3950423.6,35,24,0,314.3,0.369167884469128,26.9841666666667,26.065,2026-06-18T00:00:00+05:30,2026-04-02T00:00:00+05:30
DENTA,2026,,2,234.19,353.9,231,331.45,41.5303813143174,26301361,60,438356.016666667,35,24,0,122.9,0.446540762437771,13.2288333333333,12.484,2026-06-23T00:00:00+05:30,2026-04-02T00:00:00+05:30
MSPL,2026,,2,28.69,46.12,27.01,40.66,41.7218543046357,149716606,60,2495276.76666667,33,26,0,19.11,0.489462428017092,1.7705,1.71583333333333,2026-06-22T00:00:00+05:30,2026-04-01T00:00:00+05:30
KRISHANA,2026,,2,96.99,149.71,95.13,137.6,41.8702959067945,21021162,60,350352.7,36,23,0,54.58,0.4174415832901,6.08683333333333,5.9735,2026-06-25T00:00:00+05:30,2026-04-01T00:00:00+05:30
SUZLON,2026,,2,41.39,60.45,39.77,58.9,42.3049045663204,6490366118,60,108172768.633333,32,26,1,20.68,0.387155957577592,1.85383333333333,1.764,2026-06-19T00:00:00+05:30,2026-04-02T00:00:00+05:30
TDPOWERSYS,2026,,2,870.05,1379.6,826,1238.3,42.3251537267973,90087260,60,1501454.33333333,37,22,0,553.6,0.476747849388672,63.9083333333333,62.1691666666667,2026-05-27T00:00:00+05:30,2026-04-02T00:00:00+05:30
WELSPUNLIV,2026,,2,111.3,171,110.8,158.84,42.7133872416891,161621722,60,2693695.36666667,33,26,0,60.2,0.436371016845951,5.00866666666667,4.74283333333333,2026-06-24T00:00:00+05:30,2026-04-01T00:00:00+05:30
TRENT,2026,,2,2298.01,3312,2265.34,3282.6,42.8453313954247,84746831,60,1412447.18333333,33,26,0,1046.66,0.371088784975488,89.5726666666667,84.6045,2026-06-29T00:00:00+05:30,2026-04-01T00:00:00+05:30
MAHABANK,2026,,2,64,94.5,61.2,91.44,42.875,1278043731,60,21300728.85,34,25,0,33.3,0.417145994834739,2.6755,2.47733333333333,2026-06-29T00:00:00+05:30,2026-04-02T00:00:00+05:30
ONMOBILE,2026,,2,42.99,62.3,41,61.45,42.9402186555013,18904565,60,315076.083333333,32,27,0,21.3,0.412586803033385,2.44266666666667,2.34883333333333,2026-06-30T00:00:00+05:30,2026-04-07T00:00:00+05:30
IFGLEXPOR,2026,,2,126,205,126,180.39,43.1666666666667,4189492,60,69824.8666666667,31,28,0,79,0.441057421209837,9.86283333333333,9.61583333333334,2026-06-02T00:00:00+05:30,2026-04-01T00:00:00+05:30
MANCREDIT,2026,,2,169.19,246,164.5,242.73,43.4659258821443,10963706,60,182728.433333333,34,24,1,81.5,0.433572906747246,8.19183333333333,7.86983333333333,2026-06-30T00:00:00+05:30,2026-05-18T00:00:00+05:30
ADANIPOWER,2026,,2,155,254.2,150.62,223.77,44.3677419354839,2907502767,60,48458379.45,33,26,0,103.58,0.480917076084845,8.2675,8.00883333333333,2026-05-29T00:00:00+05:30,2026-04-02T00:00:00+05:30
KWIL,2026,,2,24.09,39.45,22.95,35.11,45.7451224574512,929880653,60,15498010.8833333,33,24,2,16.5,0.561319952372853,1.51316666666667,1.4895,2026-06-15T00:00:00+05:30,2026-04-02T00:00:00+05:30
ATHERENERG,2026,,2,780,1147.4,740.35,1140.55,46.224358974359,306466014,60,5107766.9,30,29,0,407.05,0.435594119666656,47.3275,46.8258333333333,2026-06-30T00:00:00+05:30,2026-04-07T00:00:00+05:30
INDORAMA,2026,,2,30.26,49.8,30.26,44.32,46.463978849967,11702417,60,195040.283333333,30,29,0,19.54,0.486466973440164,2.04233333333333,1.9585,2026-05-27T00:00:00+05:30,2026-04-01T00:00:00+05:30
GHCLTEXTIL,2026,,2,67.88,103.37,66.3,99.63,46.7737183264585,32592373,60,543206.216666667,35,24,0,37.07,0.41087387823414,4.64866666666667,4.61466666666667,2026-05-27T00:00:00+05:30,2026-04-01T00:00:00+05:30
KISSHT,2026,,2,190,302.5,190,279.5,47.1052631578947,218275775,36,6063215.97222222,18,17,0,112.5,0.440209735482861,17.8708333333333,17.5119444444444,2026-06-22T00:00:00+05:30,2026-05-08T00:00:00+05:30
WEBELSOLAR,2026,,2,68.8,128.31,67.26,101.29,47.2238372093023,327573884,60,5459564.73333333,31,28,0,61.05,0.597374682598833,5.3345,4.97033333333333,2026-04-29T00:00:00+05:30,2026-04-01T00:00:00+05:30
IFCI,2026,,2,50.81,95.8,49.88,74.88,47.3725644558158,3604241067,60,60070684.45,30,29,0,45.92,0.685264037566159,3.7275,3.57283333333333,2026-06-17T00:00:00+05:30,2026-04-01T00:00:00+05:30
VIYASH,2026,,2,186.99,278.9,186,276.75,48.0025669821916,135883808,60,2264730.13333333,31,27,1,92.9,0.40083734302515,10.8691666666667,10.5825,2026-06-23T00:00:00+05:30,2026-04-02T00:00:00+05:30
NIACL,2026,,2,120,218,118.27,178.01,48.3416666666667,512079953,60,8534665.88333333,26,33,0,99.73,0.617898805362599,7.614,7.35033333333333,2026-06-22T00:00:00+05:30,2026-04-02T00:00:00+05:30
OLECTRA,2026,,2,1008.9,1552.9,987,1499.6,48.6371295470314,64703324,60,1078388.73333333,33,26,0,565.9,0.447541054912552,56.5166666666667,53.8725,2026-06-22T00:00:00+05:30,2026-04-02T00:00:00+05:30
LAURUSLABS,2026,,2,1020.1,1531.2,994.25,1517.4,48.7501225370062,134495813,60,2241596.88333333,38,21,0,536.95,0.422081835427781,35.6708333333334,35.0391666666667,2026-06-29T00:00:00+05:30,2026-04-02T00:00:00+05:30
MCLOUD,2026,,2,20.5,34.29,20.09,30.5,48.7804878048781,414077569,60,6901292.81666667,28,30,1,14.2,0.543783507786571,1.57733333333333,1.5195,2026-06-19T00:00:00+05:30,2026-04-01T00:00:00+05:30
ROTO,2026,,2,48.35,78.87,48,72.11,49.1416752843847,239365900,60,3989431.66666667,34,25,0,30.87,0.515248541631315,2.9195,2.83666666666667,2026-06-24T00:00:00+05:30,2026-04-02T00:00:00+05:30
RUPA,2026,,2,113.32,176,113.32,169.02,49.152841510766,29429249,60,490487.483333333,35,24,0,62.68,0.420324631707418,6.53266666666667,6.265,2026-04-24T00:00:00+05:30,2026-04-01T00:00:00+05:30
TEJASNET,2026,,2,409.95,644.75,396.25,612.5,49.4084644468838,487882310,60,8131371.83333333,30,29,0,248.5,0.501472297102997,28.1741666666667,27.2683333333333,2026-06-19T00:00:00+05:30,2026-04-24T00:00:00+05:30
EMMVEE,2026,,2,229,352,210.05,343,49.7816593886463,284398637,60,4739977.28333333,36,23,0,141.95,0.497621733864395,14.9636666666667,14.4086666666667,2026-06-15T00:00:00+05:30,2026-04-02T00:00:00+05:30
PATELENG,2026,,2,23.3,35.95,22.7,34.93,49.9141630901288,460056107,60,7667601.78333333,35,24,0,13.25,0.473741605239165,1.18566666666667,1.12,2026-06-24T00:00:00+05:30,2026-04-02T00:00:00+05:30
EMSLIMITED,2026,,2,274,453,266.2,411.3,50.1094890510949,76575726,60,1276262.1,32,27,0,186.8,0.553492414664981,18.5175,17.0541666666667,2026-06-23T00:00:00+05:30,2026-04-01T00:00:00+05:30
HSCL,2026,,2,452.3,718,427.8,679.2,50.1658191465841,721405477,60,12023424.6166667,37,22,0,290.2,0.490078527400152,30.6141666666667,30.1241666666667,2026-06-18T00:00:00+05:30,2026-04-02T00:00:00+05:30
SOLARINDS,2026,,2,12420,18874,12233,18696,50.5314009661836,10504222,60,175070.366666667,44,15,0,6641,0.401459706930182,540.166666666667,532.116666666667,2026-05-29T00:00:00+05:30,2026-04-01T00:00:00+05:30
EMBDL,2026,,2,41.2,75.97,39.55,62.12,50.7766990291262,156015192,48,3250316.5,23,24,0,36.42,0.608974939560937,3.92895833333333,3.24104166666667,2026-05-14T00:00:00+05:30,2026-04-02T00:00:00+05:30
EIEL,2026,,2,147,233.9,146.16,223.73,52.1972789115646,358325465,60,5972091.08333333,29,30,0,87.74,0.441708772924907,10.0541666666667,9.30733333333333,2026-06-22T00:00:00+05:30,2026-04-01T00:00:00+05:30
WELSPLSOL,2026,,2,36.55,63.25,36,55.72,52.4487004103967,80550905,49,1643896.02040816,30,18,0,27.25,0.581043681081975,3.22081632653061,3.14959183673469,2026-06-18T00:00:00+05:30,2026-04-20T00:00:00+05:30
NUVAMA,2026,,2,1181.6,1825,1109.5,1806.4,52.8774542992553,35044677,60,584077.95,39,20,0,715.5,0.482120657067678,53.2383333333334,51.14,2026-06-30T00:00:00+05:30,2026-04-02T00:00:00+05:30
DHANBANK,2026,,2,20.6,35.17,20.43,31.57,53.252427184466,142861597,60,2381026.61666667,30,29,0,14.74,0.479388568176275,1.67766666666667,1.667,2026-06-03T00:00:00+05:30,2026-04-01T00:00:00+05:30
PARKHOSPS,2026,,2,195,303.7,192.5,299.3,53.4871794871795,55243692,60,920728.2,34,25,0,111.2,0.442535985896155,11.3526666666667,11.0126666666667,2026-06-30T00:00:00+05:30,2026-04-02T00:00:00+05:30
QUESS,2026,,2,172.7,270,170.1,267.61,54.9565720903301,70411549,60,1173525.81666667,34,25,0,99.9,0.465656837169266,8.822,8.52133333333334,2026-06-30T00:00:00+05:30,2026-04-02T00:00:00+05:30
OFSS,2026,,2,6950,11055,6705,10775.5,55.0431654676259,19992966,60,333216.1,36,23,0,4350,0.475028688274709,316.958333333333,302.2,2026-06-29T00:00:00+05:30,2026-04-02T00:00:00+05:30
ADANIENSOL,2026,,2,953.95,1614.8,903.15,1491.4,56.3394307877771,208298604,59,3530484.81355932,33,25,0,711.65,0.519559256261957,60.9381355932203,58.6016949152543,2026-06-08T00:00:00+05:30,2026-04-02T00:00:00+05:30
CMPDI,2026,,2,157.81,268,150.16,247.91,57.093973765921,342939345,60,5715655.75,34,25,0,117.84,0.549708057004688,12.4176666666667,12.1026666666667,2026-06-24T00:00:00+05:30,2026-04-07T00:00:00+05:30
RAYMONDREL,2026,,2,392.55,688.7,383.3,619.2,57.737867787543,74315194,60,1238586.56666667,31,28,0,305.4,0.56686424213926,31.1983333333333,29.6208333333333,2026-06-23T00:00:00+05:30,2026-04-02T00:00:00+05:30
TIRUPATIFL,2026,,2,40.48,66.8,38,64.07,58.2756916996047,30511128,60,508518.8,31,28,0,28.8,0.641442056772076,2.60916666666667,2.52883333333333,2026-06-30T00:00:00+05:30,2026-05-14T00:00:00+05:30
SWSOLAR,2026,,2,154.3,260.8,153.7,244.4,58.3927414128321,261903412,60,4365056.86666667,33,26,0,107.1,0.523828660911018,9.85316666666667,9.46266666666667,2026-06-23T00:00:00+05:30,2026-04-01T00:00:00+05:30
GOLDIAM,2026,,2,276,507.45,272.75,444.15,60.9239130434783,56298359,60,938305.983333333,34,25,0,234.7,0.579847399910235,21.8833333333333,21.0816666666667,2026-06-18T00:00:00+05:30,2026-04-01T00:00:00+05:30
BHEL,2026,,2,254.5,424.9,239.17,414.1,62.7111984282908,1098247304,60,18304121.7333333,36,23,0,185.73,0.504537021023055,13.9313333333333,13.5016666666667,2026-05-29T00:00:00+05:30,2026-04-06T00:00:00+05:30
SKYGOLD,2026,,2,325.95,590,320.2,532.55,63.3839545942629,87638224,60,1460637.06666667,35,24,0,269.8,0.578158343527059,25.5966666666667,24.1208333333333,2026-06-04T00:00:00+05:30,2026-04-01T00:00:00+05:30
RAIN,2026,,2,110.5,214.17,109.05,181.82,64.5429864253394,411363064,60,6856051.06666667,36,23,0,105.12,0.662612187181219,8.50916666666667,8.06933333333334,2026-06-15T00:00:00+05:30,2026-04-06T00:00:00+05:30
MARKSANS,2026,,2,165,277,160.6,272.81,65.3393939393939,178225204,60,2970420.06666667,33,26,0,116.4,0.541473001942139,10.4226666666667,10.1985,2026-06-30T00:00:00+05:30,2026-04-02T00:00:00+05:30
SHILPAMED,2026,,2,360,615,350.6,598.4,66.2222222222222,65664134,60,1094402.23333333,33,26,0,264.4,0.556151532361541,24.7591666666667,24.5341666666667,2026-06-30T00:00:00+05:30,2026-04-01T00:00:00+05:30
ADANIENT,2026,,2,1825,3105,1770.1,3036,66.3561643835617,156374332,60,2606238.86666667,36,23,0,1334.9,0.512247862116337,86.5033333333333,81.9666666666667,2026-06-25T00:00:00+05:30,2026-04-02T00:00:00+05:30
DIACABS,2026,,2,124.7,219,120.53,209.34,67.8748997594226,324653699,60,5410894.98333333,34,25,0,98.47,0.552518841395615,9.82616666666667,9.55683333333333,2026-06-16T00:00:00+05:30,2026-04-02T00:00:00+05:30
ICIL,2026,,2,259,446.05,238.15,438.25,69.2084942084942,58121001,60,968683.35,33,26,0,207.9,0.671400306150789,16.0223333333333,15.6368333333333,2026-06-30T00:00:00+05:30,2026-04-02T00:00:00+05:30
NACLIND,2026,,2,129.99,238.7,129.01,220.76,69.8284483421802,74928456,60,1248807.6,30,29,0,109.69,0.653487171340059,10.7041666666667,10.323,2026-06-30T00:00:00+05:30,2026-04-01T00:00:00+05:30
MOREPENLAB,2026,,2,34.56,60.5,34.56,59.12,71.0648148148148,493122367,60,8218706.11666667,31,28,0,25.94,0.581260293617864,2.26016666666667,2.1485,2026-06-30T00:00:00+05:30,2026-04-01T00:00:00+05:30
LLOYDSENT,2026,,2,42.9,80.24,42.35,73.82,72.0745920745921,272293374,60,4538222.9,31,28,0,37.89,0.560454595880533,3.47666666666667,3.37283333333333,2026-06-22T00:00:00+05:30,2026-04-01T00:00:00+05:30
STALLION,2026,,2,106.9,205.3,102.65,184.24,72.3479887745557,125043834,60,2084063.9,30,29,0,102.65,0.626192093244568,10.4568333333333,10.0328333333333,2026-06-22T00:00:00+05:30,2026-04-02T00:00:00+05:30
DECNGOLD,2026,,2,115,235,114.8,198.22,72.3652173913044,128946658,49,2631564.44897959,26,22,0,120.2,0.777245080689753,11.5126530612245,11.1136734693878,2026-06-22T00:00:00+05:30,2026-04-22T00:00:00+05:30
PAISALO,2026,,2,33.95,61,33.91,59.1,74.079528718704,778402636,60,12973377.2666667,39,20,0,27.09,0.543903091955562,2.133,2.11416666666667,2026-06-09T00:00:00+05:30,2026-04-01T00:00:00+05:30
GREAVESCOT,2026,,2,125.9,222.9,125.01,219.98,74.72597299444,98599958,60,1643332.63333333,37,22,0,97.89,0.565114607597787,7.52383333333333,7.23166666666667,2026-06-30T00:00:00+05:30,2026-04-02T00:00:00+05:30
HCC,2026,,2,14.59,28.5,14.15,25.65,75.8053461274846,2809571820,60,46826197,34,25,0,14.35,0.653664239783175,1.166,1.10833333333333,2026-06-23T00:00:00+05:30,2026-04-01T00:00:00+05:30
VISL,2026,,2,20,35.66,19.06,35.26,76.3,1028097399,11,93463399.9090909,10,0,0,16.6,0.610436933774613,1.72272727272727,1.30272727272727,2026-06-30T00:00:00+05:30,2026-06-15T00:00:00+05:30
SAKSOFT,2026,,2,115.85,212.47,114.74,206.71,78.4290030211481,255073148,60,4251219.13333333,29,30,0,97.73,0.684107491605864,7.65733333333334,7.36716666666667,2026-06-30T00:00:00+05:30,2026-04-01T00:00:00+05:30
ADFFOODS,2026,,2,173.5,320,170,310.7,79.0778097982709,23794370,60,396572.833333333,31,28,0,150,0.577804228371343,14.0393333333333,13.879,2026-06-22T00:00:00+05:30,2026-04-01T00:00:00+05:30
ADANIGREEN,2026,,2,829.95,1557,814.75,1492.2,79.7939634917766,286312806,60,4771880.1,35,24,0,742.25,0.559979127307706,52.8341666666667,50.9958333333333,2026-06-23T00:00:00+05:30,2026-04-02T00:00:00+05:30
JTLIND,2026,,2,43.9,84,42.2,79.59,81.2984054669704,325695301,60,5428255.01666667,28,31,0,41.8,0.585629656958322,4.4755,4.352,2026-05-11T00:00:00+05:30,2026-04-01T00:00:00+05:30
OLAELEC,2026,,2,23.99,49.05,23.17,43.76,82.4093372238433,11088917768,60,184815296.133333,31,28,0,25.88,0.671048708075661,2.44266666666667,2.377,2026-06-09T00:00:00+05:30,2026-04-01T00:00:00+05:30
AEQUS,2026,,2,127.74,246.9,120.03,234.65,83.6934397995929,309624735,60,5160412.25,31,28,0,126.87,0.674366336431923,13.9605,13.5405,2026-06-30T00:00:00+05:30,2026-04-02T00:00:00+05:30
WELCORP,2026,,2,825.8,1525,805.45,1521.9,84.294017922015,57986957,60,966449.283333333,42,17,0,719.55,0.570563506296643,46.4016666666667,44.6975,2026-06-29T00:00:00+05:30,2026-04-02T00:00:00+05:30
SBCL,2026,,2,410.15,789.85,397.6,760.45,85.407777642326,35570179,60,592836.316666667,30,29,0,392.25,0.620293766489114,35.9075,34.7241666666667,2026-06-25T00:00:00+05:30,2026-04-01T00:00:00+05:30
E2E,2026,,2,212.5,469.4,207.2,396.3,86.4941176470588,42123873,60,702064.55,36,23,0,262.2,0.773481749528005,19.4341666666667,17.1785,2026-06-23T00:00:00+05:30,2026-04-02T00:00:00+05:30
FCL,2026,,2,20.73,47.18,19.75,38.8,87.1683550410034,1351174410,60,22519573.5,34,25,0,27.43,0.864754098360656,2.15816666666667,2.06233333333333,2026-06-23T00:00:00+05:30,2026-04-01T00:00:00+05:30
CONFIPET,2026,,2,38.8,80.57,38.4,73.14,88.5051546391753,306155801,60,5102596.68333333,31,28,0,42.17,0.676363111452088,4.82166666666667,4.778,2026-06-04T00:00:00+05:30,2026-04-01T00:00:00+05:30
AEGISLOG,2026,,2,620,1195.95,577.85,1173.95,89.3467741935484,157707530,60,2628458.83333333,34,25,0,618.1,0.798775753281117,36.8825,35.6158333333333,2026-06-30T00:00:00+05:30,2026-04-06T00:00:00+05:30
NIITLTD,2026,,2,52.53,110,52.53,100.62,91.5476870359794,150419691,60,2506994.85,33,26,0,57.47,0.744121607623783,4.75483333333334,4.62466666666667,2026-06-17T00:00:00+05:30,2026-04-01T00:00:00+05:30
IOLCP,2026,,2,75.5,147.2,73.81,145.29,92.4370860927152,237255243,60,3954254.05,35,24,0,73.39,0.666151302303558,6.384,6.22333333333333,2026-06-30T00:00:00+05:30,2026-04-02T00:00:00+05:30
VIDYAWIRES,2026,,2,51.45,117.35,50.82,99.62,93.6248785228377,412243620,60,6870727,34,25,0,66.53,0.75626478929809,5.81316666666667,5.3935,2026-05-29T00:00:00+05:30,2026-04-02T00:00:00+05:30
WALCHANNAG,2026,,2,137.28,315.8,135.65,272.3,98.3537296037296,150770531,60,2512842.18333333,35,24,0,180.15,0.769706231280736,16.0388333333333,15.6335,2026-06-19T00:00:00+05:30,2026-04-01T00:00:00+05:30
SUVEN,2026,,2,139.5,297.95,135.5,280.65,101.182795698925,101991992,60,1699866.53333333,34,24,1,162.45,0.697490194563054,15.1591666666667,14.9033333333333,2026-06-01T00:00:00+05:30,2026-04-01T00:00:00+05:30
PREMEXPLN,2026,,2,399.9,829.8,399.2,805.95,101.537884471118,65807449,60,1096790.81666667,37,22,0,430.6,0.719150914248017,36.63,35.8266666666667,2026-06-30T00:00:00+05:30,2026-04-01T00:00:00+05:30
BLUSPRING,2026,,2,54.39,119.5,52.12,111.02,104.118404118404,49890648,60,831510.8,36,23,0,67.38,0.875163438309074,5.49783333333334,5.31833333333333,2026-06-18T00:00:00+05:30,2026-04-01T00:00:00+05:30
PARAS,2026,,2,622,1443,612,1289.05,107.242765273312,211539892,60,3525664.86666667,33,26,0,831,0.929826622581024,54.4183333333333,52.9266666666667,2026-06-19T00:00:00+05:30,2026-04-02T00:00:00+05:30
JAYBARMARU,2026,,2,79,178.89,78.99,171.1,116.582278481013,85183332,60,1419722.2,31,28,0,99.9,0.875016058019083,6.707,6.17316666666667,2026-06-19T00:00:00+05:30,2026-04-01T00:00:00+05:30
LLOYDSENGG,2026,,2,39.8,91.99,38.88,86.53,117.412060301508,978145896,60,16302431.6,36,23,0,53.11,0.800208929212673,3.72083333333333,3.57416666666667,2026-06-22T00:00:00+05:30,2026-04-01T00:00:00+05:30
EXICOM,2026,,2,78.5,182.9,78.5,170.83,117.617834394904,357887125,60,5964785.41666667,31,28,0,104.4,0.796465240471725,10.041,9.77316666666667,2026-06-22T00:00:00+05:30,2026-04-01T00:00:00+05:30
APOLLO,2026,,2,193,446.9,189.4,424.75,120.077720207254,1378277535,60,22971292.25,38,21,0,257.5,0.763338789517604,21.0881666666667,20.4536666666667,2026-06-03T00:00:00+05:30,2026-04-02T00:00:00+05:30
CUPID,2026,,2,85.9,191,84.8,189.93,121.105937136205,1172827125,60,19547118.75,47,12,0,106.2,0.822216888737487,5.65716666666667,5.35316666666667,2026-06-30T00:00:00+05:30,2026-04-01T00:00:00+05:30
PARACABLES,2026,,2,30,74.8,29.7,69.02,130.066666666667,235628121,60,3927135.35,36,23,0,45.1,0.843553022887532,3.935,3.803,2026-06-22T00:00:00+05:30,2026-04-01T00:00:00+05:30
SETL,2026,,2,109.8,256.77,107,256.77,133.852459016393,40694280,60,678238,35,24,0,149.77,0.999219411957008,8.4925,8.00333333333333,2026-06-30T00:00:00+05:30,2026-04-01T00:00:00+05:30
RAMCOSYS,2026,,2,350.5,868.7,346.55,836.05,138.530670470756,99821341,60,1663689.01666667,33,26,0,522.15,1.10629883028029,28.6883333333333,28.0266666666667,2026-06-30T00:00:00+05:30,2026-04-02T00:00:00+05:30
IBULLSLTD,2026,,2,9.25,28.65,9.25,27.81,200.648648648649,692428160,60,11540469.3333333,36,23,0,19.4,0.976477299419483,1.318,1.22166666666667,2026-06-23T00:00:00+05:30,2026-04-01T00:00:00+05:30
HFCL,2026,,2,69.75,220.09,69.6,212.85,205.161290322581,3440842315,60,57347371.9166667,39,20,0,150.49,1.04078224074674,8.8315,7.8815,2026-06-22T00:00:00+05:30,2026-04-01T00:00:00+05:30
STLTECH,2026,,2,186,679.9,170.8,613.3,229.731182795699,302631479,60,5043857.98333333,44,15,0,509.1,1.19396521060708,25.4306666666667,20.2908333333333,2026-06-05T00:00:00+05:30,2026-04-02T00:00:00+05:30
