symbol,year,month,quarter,open,high,low,close,percent_change,volume,trading_days,avg_daily_volume,up_days,down_days,unchanged_days,range,volatility,avg_true_range,avg_daily_range,highest_day,lowest_day,vpoc,vah,val,high_to_ltp_pct,low_to_ltp_pct,daily_open,daily_high,daily_low,ltp,day_buy_quantity,day_sell_quantity,day_volume
BHARTIARTL,2026,,2,1811.0,1953.8,1740.5,1852.0,2.2639425731639977,568045272.0,60,9467421.2,31,28,0,213.29999999999995,0.11569692071533565,38.725,37.804999999999986,2026-05-18T00:00:00+05:30,2026-05-13T00:00:00+05:30,1846.0835000000002,1891.943,1804.49,-1.739220995625904,9.367840033326395,1930.0,1930.0,1906.0,1920.4,0.0,0.0,6420841.0
MARUTI,2026,,2,12900.0,14201.0,12239.0,14115.0,9.41860465116279,30445849.0,60,507430.81666666665,32,27,0,1962.0,0.14788368794682621,340.7,309.9,2026-06-30T00:00:00+05:30,2026-04-02T00:00:00+05:30,13426.01,13651.64,12964.94,-2.5046917857658437,11.657283095134979,13800.0,13987.0,13776.0,13854.0,0.0,0.0,430136.0
INDIGO,2026,,2,4063.8,5464.9,3970.0,5368.4,32.10295782272748,86718367.0,60,1445306.1166666667,31,28,0,1494.8999999999996,0.32782151866441617,147.15333333333334,125.735,2026-06-25T00:00:00+05:30,2026-04-02T00:00:00+05:30,4455.8425,4717.45,4179.286,-2.8783885542168606,25.26355421686747,5260.0,5363.0,5260.0,5312.0,0.0,0.0,457997.0
LT,2026,,2,3655.0,4272.3,3470.0,4143.4,13.362517099863192,160019728.0,60,2666995.466666667,31,28,0,802.3000000000002,0.200377794853565,89.80999999999996,78.00833333333328,2026-06-25T00:00:00+05:30,2026-04-02T00:00:00+05:30,3931.3225,4127.886,3879.1730000000002,-8.274621116123472,12.058391200770444,3905.0,3953.8,3905.0,3945.8,0.0,0.0,1283746.0
ULTRACEMCO,2026,,2,10802.0,12282.0,10365.0,11253.0,4.1751527494908345,21412165.0,60,356869.4166666667,30,29,0,1917.0,0.16680709865576857,259.4,238.73333333333332,2026-04-28T00:00:00+05:30,2026-04-02T00:00:00+05:30,11505.615000000002,12071.130000000001,11265.99,-4.804164177830873,11.553886850413859,11584.0,11725.0,11584.0,11719.0,6201.0,10728.0,135114.0
TCS,2026,,2,2429.0,2614.0,2018.8,2031.5,-16.36475916014821,296053956.0,60,4934232.6,27,32,0,595.2,0.25489145058730245,62.45166666666669,56.253333333333345,2026-04-21T00:00:00+05:30,2026-06-30T00:00:00+05:30,2319.376,2560.432,2191.408,-26.341227646205894,2.426292895118417,2105.2,2133.3,2064.6,2069.0,0.0,0.0,6711644.0
NTPC,2026,,2,381.3,414.4,346.95,356.65,-6.4647259375819655,754141217.0,60,12569020.283333333,28,30,1,67.44999999999999,0.1774252946127946,8.955000000000004,8.73416666666667,2026-04-27T00:00:00+05:30,2026-06-15T00:00:00+05:30,355.38125,392.14149999999995,348.299,-20.272819619793925,-0.6965607313887613,344.5,348.8,343.2,344.55,0.0,0.0,13015558.0
JSWSTEEL,2026,,2,1141.9,1328.0,1106.4,1226.4,7.399947455994395,113495160.0,60,1891586.0,30,29,0,221.5999999999999,0.17590675460240388,28.005000000000013,26.716666666666693,2026-05-27T00:00:00+05:30,2026-04-02T00:00:00+05:30,1284.788,1312.488,1241.576,-6.495589414595028,11.275060144346424,1232.3,1259.0,1232.3,1247.0,56904.0,111283.0,1504033.0
GRASIM,2026,,2,2602.0,3200.0,2514.2,3100.0,19.1391237509608,51899699.0,60,864994.9833333333,35,24,0,685.8000000000002,0.23254565378457487,64.39500000000004,60.29166666666671,2026-06-17T00:00:00+05:30,2026-04-02T00:00:00+05:30,3127.991,3200.0,2809.094,0.42320139407517765,21.763754045307447,3204.8,3246.0,3202.0,3213.6,0.0,0.0,515663.0
HDFCBANK,2026,,2,743.0,820.05,726.65,797.95,7.395693135935404,2411336821.0,60,40188947.016666666,29,30,0,93.39999999999998,0.12043001509673189,17.713333333333328,15.687499999999996,2026-04-16T00:00:00+05:30,2026-04-02T00:00:00+05:30,787.827,810.7099999999999,755.6039999999999,0.5939753924480382,11.91587368931451,824.0,827.7,820.3,824.95,0.0,0.0,23592799.0
TECHM,2026,,2,1412.6,1589.0,1327.3,1404.7,-0.55925244230496,152672725.0,60,2544545.4166666665,28,31,0,261.70000000000005,0.1805240509035975,44.30333333333335,41.823333333333345,2026-06-02T00:00:00+05:30,2026-05-14T00:00:00+05:30,1454.2244999999998,1500.022,1403.193,-9.224635688754471,8.764091284025294,1448.0,1478.9,1445.3,1454.8,0.0,0.0,1732567.0
HINDALCO,2026,,2,909.0,1176.0,884.8,956.6,5.236523652365239,385347421.0,60,6422457.016666667,32,27,0,291.20000000000005,0.2805442288285208,29.263333333333353,26.526666666666674,2026-05-29T00:00:00+05:30,2026-04-02T00:00:00+05:30,1037.6799999999998,1082.816,954.688,-21.43115287314781,8.637513552584036,976.0,985.6,964.7,968.45,88996.0,145709.0,5858481.0
HINDUNILVR,2026,,2,2119.9,2408.0,2022.5,2118.2,-0.08019246190859346,124118669.0,60,2068644.4833333334,27,32,0,385.5,0.17519594981503306,53.3116666666667,51.458333333333364,2026-04-22T00:00:00+05:30,2026-04-02T00:00:00+05:30,2159.3525,2261.51,2068.76,-12.104283054003725,5.842644320297952,2151.5,2178.0,2145.0,2148.0,43401.0,71783.0,1664664.0
POWERGRID,2026,,2,305.0,324.95,278.4,286.3,-6.131147540983603,744718337.0,60,12411972.283333333,30,29,0,46.55000000000001,0.1552826973488524,6.7033333333333305,6.435833333333331,2026-04-27T00:00:00+05:30,2026-06-02T00:00:00+05:30,286.08074999999997,304.9335,282.5895,-14.782762274814539,1.660190745319691,283.1,283.8,281.35,283.1,0.0,0.0,6812298.0
ADANIPORTS,2026,,2,1351.2,1857.8,1332.6,1810.2,33.96980461811723,183399697.0,60,3056661.6166666667,33,26,0,525.2,0.30843467834683236,45.144999999999996,42.40333333333333,2026-06-10T00:00:00+05:30,2026-04-02T00:00:00+05:30,1813.158,1857.8,1589.9479999999999,-1.624637601881738,27.104644166074067,1800.1,1852.9,1800.1,1828.1,0.0,0.0,1489732.0
APOLLOHOSP,2026,,2,7549.0,8770.0,7150.5,8682.0,15.008610411975095,25203401.0,60,420056.68333333335,35,24,0,1619.5,0.2015556938394524,157.04166666666666,154.54166666666666,2026-06-30T00:00:00+05:30,2026-04-02T00:00:00+05:30,8438.0025,8624.245,7733.52,0.903954802259887,19.203389830508474,8849.0,8886.5,8773.5,8850.0,8240.0,5737.0,264693.0
INFY,2026,,2,1290.0,1376.9,996.0,1000.4,-22.449612403100776,900051238.0,60,15000853.966666667,24,35,0,380.9000000000001,0.321375386532158,34.296666666666674,28.58000000000003,2026-04-08T00:00:00+05:30,2026-06-30T00:00:00+05:30,1176.9275000000002,1300.72,1098.843,-28.923220973782783,6.741573033707865,1075.0,1091.3,1064.7,1068.0,0.0,0.0,9744750.0
ITC,2026,,2,293.0,317.9,275.05,286.95,-2.0648464163822564,1078507938.0,60,17975132.3,34,25,0,42.849999999999966,0.1438917369988134,5.0541666666666645,4.686666666666662,2026-05-04T00:00:00+05:30,2026-06-04T00:00:00+05:30,304.40225,317.9,291.33299999999997,-12.83052351375332,2.3779946761313178,282.85,283.65,280.85,281.75,0.0,0.0,11768231.0
BAJAJ-AUTO,2026,,2,8993.5,10834.0,8624.0,9716.0,8.033579807638851,24880955.0,60,414682.5833333333,28,31,0,2210.0,0.22079723453961447,243.88333333333333,228.70833333333334,2026-05-27T00:00:00+05:30,2026-04-02T00:00:00+05:30,10248.349999999999,10657.2,9729.0,-6.675856636471051,15.084679007483262,10177.5,10298.0,10115.0,10156.0,0.0,0.0,354751.0
BAJAJFINSV,2026,,2,1679.0,1860.0,1597.0,1780.2,6.027397260273975,68253960.0,60,1137566.0,27,32,0,263.0,0.14928705497699202,41.131666666666675,37.67333333333334,2026-04-22T00:00:00+05:30,2026-04-02T00:00:00+05:30,1761.375,1817.92,1712.72,2.9227557411273484,16.649269311064717,1905.3,1920.5,1893.4,1916.0,0.0,0.0,822292.0
NESTLEIND,2026,,2,1174.8,1498.1,1159.4,1405.2,19.61184882533198,133870728.0,60,2231178.8,32,27,0,338.6999999999998,0.24468359216029997,31.8716666666667,31.50333333333337,2026-05-11T00:00:00+05:30,2026-04-02T00:00:00+05:30,1408.3445,1467.617,1376.168,-2.948048378229787,20.327102803738313,1467.0,1471.3,1448.3,1455.2,0.0,0.0,1563816.0
JIOFIN,2026,,2,233.04,257.0,223.55,236.44,1.458976999656714,1071831706.0,60,17863861.766666666,31,28,0,33.44999999999999,0.1395880656724639,6.077166666666666,5.391999999999999,2026-04-29T00:00:00+05:30,2026-04-02T00:00:00+05:30,243.11825000000002,246.6305,231.2435,-6.215903455116544,7.60869565217391,235.0,243.5,233.95,241.96,0.0,0.0,27706502.0
KOTAKBANK,2026,,2,363.8,413.8,345.5,392.25,7.820230896096753,1089611974.0,60,18160199.566666666,37,22,0,68.30000000000001,0.17810770344067753,9.095833333333335,8.601666666666667,2026-06-25T00:00:00+05:30,2026-04-02T00:00:00+05:30,381.3575,391.944,367.356,-9.586864406779657,8.501059322033903,377.45,381.15,376.9,377.6,0.0,0.0,15467498.0
TRENT,2026,,2,2298.01,3312.0,2265.34,3282.6,42.845331395424715,84746831.0,60,1412447.1833333333,33,26,0,1046.6599999999999,0.3710887849754884,89.57266666666668,84.6045,2026-06-29T00:00:00+05:30,2026-04-01T00:00:00+05:30,2835.7697,3008.4686,2464.2054000000003,-14.096734187680854,21.96017638142483,2934.0,2938.7,2896.8,2902.8,0.0,0.0,1093314.0
M&M,2026,,2,3079.9,3399.0,2900.4,3068.8,-0.3604013117308974,191631325.0,60,3193855.4166666665,29,30,0,498.5999999999999,0.16005701188389604,84.91499999999999,77.04833333333333,2026-05-07T00:00:00+05:30,2026-06-11T00:00:00+05:30,3112.3050000000003,3174.63,2970.204,-8.615069981466092,7.317696683070237,3109.0,3135.0,3105.2,3129.4,0.0,0.0,1814803.0
COALINDIA,2026,,2,464.0,491.25,427.5,439.05,-5.37715517241379,895139391.0,60,14918989.85,29,30,0,63.75,0.13983815333207814,12.102500000000004,11.919166666666673,2026-04-30T00:00:00+05:30,2026-04-10T00:00:00+05:30,459.69375,474.0375,445.35,-14.430468204053106,0.4192872117400446,430.15,432.6,426.75,429.3,0.0,0.0,4869941.0
SBILIFE,2026,,2,1828.4,1990.9,1700.4,1765.7,-3.429227740100637,79433063.0,60,1323884.3833333333,29,30,0,290.5,0.1584855221702424,42.576666666666675,40.813333333333354,2026-04-16T00:00:00+05:30,2026-06-12T00:00:00+05:30,1809.3375,1877.605,1735.26,-6.871007568844274,8.722958827634333,1830.7,1866.0,1830.7,1862.9,0.0,0.0,828754.0
MAXHEALTH,2026,,2,966.2,1159.0,903.0,1129.25,16.875388118401982,169859910.0,60,2830998.5,36,23,0,256.0,0.2522886240989839,28.8075,27.987500000000004,2026-06-29T00:00:00+05:30,2026-04-07T00:00:00+05:30,1011.8,1036.12,933.72,-4.593448244743263,18.50915982312065,1102.3,1114.4,1085.0,1108.1,0.0,0.0,1749073.0
ASIANPAINT,2026,,2,2224.8,2832.7,2142.4,2635.7,18.469075871988476,85110811.0,60,1418513.5166666666,32,27,0,690.2999999999997,0.2699114957742017,62.53833333333334,57.87166666666668,2026-06-15T00:00:00+05:30,2026-04-02T00:00:00+05:30,2663.5765,2770.573,2473.7439999999997,-5.784599297931123,19.994024945851073,2695.0,2728.2,2672.9,2677.8,0.0,0.0,982090.0
ONGC,2026,,2,290.0,307.5,227.65,234.9,-18.999999999999996,1115679432.0,60,18594657.2,25,34,0,79.85,0.2902053425404325,6.841666666666669,6.6175000000000015,2026-04-29T00:00:00+05:30,2026-06-30T00:00:00+05:30,284.74275,307.5,265.978,-25.530698889614627,7.066459830176355,243.65,245.39,243.41,244.96,0.0,0.0,8233433.0
ADANIENT,2026,,2,1825.0,3105.0,1770.1,3036.0,66.35616438356165,156374332.0,60,2606238.8666666667,36,23,0,1334.9,0.5122478621163369,86.50333333333334,81.9666666666667,2026-06-25T00:00:00+05:30,2026-04-02T00:00:00+05:30,2964.8355,3105.0,2384.154,1.6564786368099382,43.93627466506192,3105.0,3183.0,3100.0,3157.3,0.0,0.0,2145193.0
RELIANCE,2026,,2,1384.2,1473.4,1253.2,1293.9,-6.523623753792801,1129283709.0,60,18821395.15,24,35,0,220.20000000000005,0.16390758053951054,28.80333333333335,26.673333333333346,2026-05-05T00:00:00+05:30,2026-06-11T00:00:00+05:30,1333.5729999999999,1369.906,1292.836,-12.662486618749055,4.174950298210729,1291.9,1311.1,1287.8,1307.8,0.0,0.0,8411540.0
SBIN,2026,,2,1008.0,1120.95,933.9,1026.9,1.8750000000000089,1010081806.0,60,16834696.766666666,29,29,1,187.05000000000007,0.18270601230249792,23.842499999999998,22.15,2026-04-20T00:00:00+05:30,2026-05-18T00:00:00+05:30,970.37475,1062.9645,939.5115,-8.199806949806954,9.855212355212357,1029.5,1047.8,1023.5,1036.0,0.0,0.0,8789466.0
BAJFINANCE,2026,,2,832.8,1010.95,792.45,1004.75,20.64721421709895,579980417.0,60,9666340.283333333,34,25,0,218.5,0.2372616637815817,25.32916666666667,22.860833333333336,2026-06-30T00:00:00+05:30,2026-04-02T00:00:00+05:30,920.2725,975.99,884.22,0.9358157765801033,22.346888780009795,1010.1,1023.9,1004.2,1020.5,0.0,0.0,7038938.0
SUNPHARMA,2026,,2,1762.1,1916.6,1613.6,1862.5,5.697747006412809,227769599.0,60,3796159.9833333334,32,27,0,303.0,0.16928934790078415,40.201666666666675,39.02500000000001,2026-05-19T00:00:00+05:30,2026-04-24T00:00:00+05:30,1669.6549999999997,1825.6999999999998,1637.84,0.9764918625678166,16.631361405321627,1942.8,1953.9,1926.6,1935.5,0.0,0.0,1477987.0
TATACONSUM,2026,,2,1025.0,1282.7,1007.2,1075.6,4.93658536585365,131680440.0,60,2194674.0,28,31,0,275.5,0.2412423763468636,29.11333333333334,27.93833333333334,2026-05-12T00:00:00+05:30,2026-04-02T00:00:00+05:30,1107.7575000000002,1213.825,1073.3200000000002,-15.361093623527292,9.4163144167641,1105.0,1117.7,1105.0,1111.9,0.0,0.0,1189675.0
TMPV,2026,,2,310.0,408.0,295.05,352.2,13.612903225806447,727803883.0,60,12130064.716666667,33,25,1,112.94999999999999,0.3146407538006904,11.590833333333327,10.568333333333328,2026-05-29T00:00:00+05:30,2026-04-02T00:00:00+05:30,356.60775,383.151,333.45300000000003,-20.727918331114072,12.694185530403901,334.55,340.25,333.65,337.95,0.0,0.0,19328525.0
TATASTEEL,2026,,2,200.0,224.4,187.05,188.06,-5.969999999999999,1857993096.0,60,30966551.6,31,28,0,37.349999999999994,0.18099028580474044,4.709666666666667,4.364333333333334,2026-05-15T00:00:00+05:30,2026-06-30T00:00:00+05:30,211.51425,218.424,198.6285,-17.370155342852662,2.1653852188921947,189.68,193.3,188.74,191.19,0.0,0.0,23140225.0
TITAN,2026,,2,4000.0,4605.0,3944.7,4404.0,10.100000000000001,72316526.0,60,1205275.4333333333,30,29,0,660.3000000000002,0.15438042472736574,110.91333333333334,104.76833333333333,2026-05-08T00:00:00+05:30,2026-04-02T00:00:00+05:30,4106.4735,4420.116,4050.348,-0.4493499694616605,13.953843469156265,4578.6,4602.8,4560.7,4584.4,0.0,0.0,652595.0
WIPRO,2026,,2,191.51,212.98,170.05,170.39,-11.028144744399773,1692958908.0,60,28215981.8,28,31,0,42.92999999999998,0.22045136128159276,4.872333333333332,4.3645000000000005,2026-04-16T00:00:00+05:30,2026-06-30T00:00:00+05:30,205.03795,211.2628,191.515,-21.383791177476336,3.08332383449219,175.23,177.22,175.0,175.46,0.0,0.0,16236881.0
BEL,2026,,2,415.0,464.4,399.0,411.8,-0.7710843373493949,819242197.0,60,13654036.616666667,31,28,0,65.39999999999998,0.15348779901077816,9.940833333333334,9.574166666666667,2026-04-20T00:00:00+05:30,2026-06-08T00:00:00+05:30,409.791,435.62399999999997,405.54,-11.944076172110389,3.820658069181637,408.4,415.45,408.2,414.85,0.0,0.0,9267096.0
SHRIRAMFIN,2026,,2,915.6,1062.7,863.45,1042.15,13.821537789427705,396336412.0,60,6605606.866666666,33,26,0,199.25,0.20563390456729155,30.813333333333336,26.989166666666673,2026-04-21T00:00:00+05:30,2026-04-02T00:00:00+05:30,1005.91375,1050.7450000000001,929.2025000000001,-1.7814385595249629,17.30198256871946,1049.0,1052.0,1039.0,1044.1,0.0,0.0,2773338.0
HDFCLIFE,2026,,2,600.0,650.75,543.0,575.85,-4.024999999999996,279263405.0,60,4654390.083333333,28,31,0,107.75,0.18118556737146407,14.980833333333335,14.242500000000005,2026-04-16T00:00:00+05:30,2026-06-11T00:00:00+05:30,594.1812500000001,621.6575,583.9449999999999,-14.669603524229075,4.317180616740088,555.0,570.0,554.0,567.5,153179.0,123306.0,6139108.0
ICICIBANK,2026,,2,1228.1,1404.0,1187.6,1375.2,11.977851966452254,1086913158.0,60,18115219.3,32,27,0,216.4000000000001,0.1671877333855259,27.911666666666665,25.554999999999996,2026-06-25T00:00:00+05:30,2026-04-02T00:00:00+05:30,1249.274,1336.916,1220.06,-0.19982871824150403,15.244076505852137,1389.7,1408.2,1389.6,1401.2,0.0,0.0,6409422.0
ETERNAL,2026,,2,233.22,267.5,223.74,264.6,13.455106766143565,2166161644.0,60,36102694.06666667,29,30,0,43.75999999999999,0.17548209789863928,8.078999999999997,7.348166666666662,2026-06-22T00:00:00+05:30,2026-04-02T00:00:00+05:30,257.2164,260.936,242.1192,7.726802345636418,22.821662642290434,294.7,295.2,287.15,289.9,565396.0,1760455.0,24239237.0
AXISBANK,2026,,2,1175.0,1400.1,1150.3,1345.7,14.527659574468089,440878132.0,60,7347968.866666666,31,28,0,249.79999999999995,0.19136654456217939,30.175000000000008,27.83166666666667,2026-06-25T00:00:00+05:30,2026-04-02T00:00:00+05:30,1356.385,1392.6059999999998,1267.706,-5.771700536375301,13.099644934652874,1304.0,1326.6,1303.9,1323.7,0.0,0.0,3547962.0
CIPLA,2026,,2,1255.0,1490.1,1165.7,1465.4,16.76494023904383,124168135.0,60,2069468.9166666667,33,26,0,324.39999999999986,0.24190331075950225,30.27666666666668,28.795000000000016,2026-06-29T00:00:00+05:30,2026-04-02T00:00:00+05:30,1381.426,1464.148,1279.24,-3.5223009587327923,19.014867305821873,1441.3,1454.5,1435.0,1439.4,0.0,0.0,745841.0
HCLTECH,2026,,2,1399.7,1474.9,1068.6,1071.8,-23.426448524683867,268781804.0,60,4479696.733333333,24,35,0,406.3000000000002,0.3321927748275878,34.415000000000006,30.370000000000005,2026-04-15T00:00:00+05:30,2026-06-30T00:00:00+05:30,1192.5214999999998,1288.002,1068.6,-26.69873722188817,8.203762563353663,1173.0,1191.5,1153.5,1164.1,0.0,0.0,3979073.0
DRREDDY,2026,,2,1280.0,1414.9,1167.5,1357.1,6.023437499999993,152407890.0,60,2540131.5,26,33,0,247.4000000000001,0.1928325627738583,33.25833333333335,32.33666666666667,2026-06-29T00:00:00+05:30,2026-04-02T00:00:00+05:30,1327.0729999999999,1370.3680000000002,1254.0900000000001,-13.710519971068083,6.172144981113876,1244.9,1251.8,1222.0,1244.3,0.0,0.0,8106476.0
EICHERMOT,2026,,2,6787.5,7754.0,6442.0,7073.5,4.213627992633517,37555485.0,60,625924.75,28,31,0,1312.0,0.18244521081321616,189.26666666666668,171.41666666666666,2026-06-25T00:00:00+05:30,2026-04-07T00:00:00+05:30,7157.04,7452.24,6927.44,-5.274590998574435,12.538184780395085,7399.5,7455.0,7335.0,7365.5,0.0,0.0,497075.0
