symbol,security_id,LotSize,secondary_id,underlying
GODREJCP,10099,500.0,,NSE_EQ
ADANIENSOL,10217,1.0,,NSE_EQ
FEDERALBNK,1023,1.0,,NSE_EQ
SYNGENE,10243,1000.0,,NSE_EQ
LUPIN,10440,425.0,,NSE_EQ
UNITDSPR,10447,400.0,,NSE_EQ
BHARTIARTL,10604,1.0,,NSE_EQ
PNB,10666,1.0,,NSE_EQ
OFSS,10738,75.0,,NSE_EQ
UNIONBANK,10753,1.0,,NSE_EQ
CANBK,10794,1.0,,NSE_EQ
DIVISLAB,10940,100.0,,NSE_EQ
MARUTI,10999,50.0,,NSE_EQ
IDFCFIRSTB,11184,1.0,,NSE_EQ
INDIGO,11195,150.0,,NSE_EQ
UPL,11287,1.0,,NSE_EQ
PETRONET,11351,1.0,,NSE_EQ
BIOCON,11373,1.0,,NSE_EQ
LT,11483,175.0,,NSE_EQ
ULTRACEMCO,11532,50.0,,NSE_EQ
TCS,11536,1.0,,NSE_EQ
COFORGE,11543,1.0,,NSE_EQ
PPLPHARMA,11571,1.0,,NSE_EQ
NTPC,11630,1.0,,NSE_EQ
ALKEM,11703,125.0,,NSE_EQ
JSWSTEEL,11723,675.0,,NSE_EQ
AMBER,1185,100.0,,NSE_EQ
YESBANK,11915,1.0,,NSE_EQ
SUZLON,12018,1.0,,NSE_EQ
KAYNES,12092,1.0,,NSE_EQ
GRASIM,1232,250.0,,NSE_EQ
AMBUJACEM,1270,1.0,,NSE_EQ
ABB,13,125.0,,NSE_EQ
360ONE,13061,500.0,,NSE_EQ
KEI,13310,175.0,,NSE_EQ
HDFCBANK,1333,1.0,,NSE_EQ
SOLARINDS,13332,50.0,,NSE_EQ
KFINTECH,13359,500.0,,NSE_EQ
HEROMOTOCO,1348,150.0,,NSE_EQ
GMRAIRPORT,13528,1.0,,NSE_EQ
TECHM,13538,1.0,,NSE_EQ
IRCTC,13611,875.0,,NSE_EQ
HINDALCO,1363,1.0,,NSE_EQ
NAUKRI,13751,1.0,,NSE_EQ
TORNTPOWER,13786,425.0,,NSE_EQ
HINDUNILVR,1394,300.0,,NSE_EQ
HINDPETRO,1406,1.0,,NSE_EQ
UNOMINDA,14154,550.0,,NSE_EQ
HINDZINC,1424,1.0,,NSE_EQ
PFC,14299,1.0,,NSE_EQ
INDIANB,14309,1.0,,NSE_EQ
PAGEIND,14413,15.0,,NSE_EQ
ASTRAL,14418,425.0,,NSE_EQ
PHOENIXLTD,14552,1.0,,NSE_EQ
FORTIS,14592,775.0,,NSE_EQ
DLF,14732,1.0,,NSE_EQ
POWERGRID,14977,1.0,,NSE_EQ
ADANIPORTS,15083,1.0,,NSE_EQ
INDHOTEL,1512,1.0,,NSE_EQ
COLPAL,15141,225.0,,NSE_EQ
NMDC,15332,1.0,,NSE_EQ
RECLTD,15355,1.0,,NSE_EQ
MANKIND,15380,225.0,,NSE_EQ
APOLLOHOSP,157,125.0,,NSE_EQ
INFY,1594,1.0,,NSE_EQ
IOC,1624,1.0,,NSE_EQ
ITC,1660,1.0,,NSE_EQ
BAJAJ-AUTO,16669,75.0,,NSE_EQ
BAJAJFINSV,16675,1.0,,NSE_EQ
PATANJALI,17029,900.0,,NSE_EQ
CROMPTON,17094,1800.0,,NSE_EQ
NHPC,17400,1.0,,NSE_EQ
OIL,17438,1.0,,NSE_EQ
JSWENERGY,17869,1.0,,NSE_EQ
GODREJPROP,17875,275.0,,NSE_EQ
NESTLEIND,17963,1.0,,NSE_EQ
SBICARD,17971,800.0,,NSE_EQ
JUBLFOOD,18096,1.0,,NSE_EQ
JIOFIN,18143,1.0,,NSE_EQ
PERSISTENT,18365,1.0,,NSE_EQ
RBLBANK,18391,1.0,,NSE_EQ
POWERINDIA,18457,50.0,,NSE_EQ
ICICIPRULI,18652,925.0,,NSE_EQ
NUVAMA,18721,500.0,,NSE_EQ
PNBHOUSING,18908,650.0,,NSE_EQ
VBL,18921,1.0,,NSE_EQ
CUMMINSIND,1901,200.0,,NSE_EQ
MANAPPURAM,19061,1.0,,NSE_EQ
KOTAKBANK,1922,1.0,,NSE_EQ
LAURUSLABS,19234,1.0,,NSE_EQ
CHOLAFIN,19257,625.0,,NSE_EQ
BSE,19585,1.0,,NSE_EQ
TRENT,1964,1.0,,NSE_EQ
DMART,19913,1.0,,NSE_EQ
LICHSGFIN,1997,1.0,,NSE_EQ
OBEROIRLTY,20242,350.0,,NSE_EQ
IREDA,20261,1.0,,NSE_EQ
IRFC,2029,1.0,,NSE_EQ
TATATECH,20293,1.0,,NSE_EQ
PRESTIGE,20302,450.0,,NSE_EQ
M&M,2031,1.0,,NSE_EQ
COALINDIA,20374,1.0,,NSE_EQ
HUDCO,20825,1.0,,NSE_EQ
CDSL,21174,1.0,,NSE_EQ
ASHOKLEY,212,1.0,,NSE_EQ
AUBANK,21238,1.0,,NSE_EQ
MFSL,2142,400.0,,NSE_EQ
BDL,2144,1.0,,NSE_EQ
ABCAPITAL,21614,1.0,,NSE_EQ
DIXON,21690,50.0,,NSE_EQ
ICICIGI,21770,325.0,,NSE_EQ
SBILIFE,21808,375.0,,NSE_EQ
BOSCHLTD,2181,25.0,,NSE_EQ
IEX,220,1.0,,NSE_EQ
MAXHEALTH,22377,1.0,,NSE_EQ
BANDHANBNK,2263,1.0,,NSE_EQ
HAL,2303,150.0,,NSE_EQ
ASIANPAINT,236,250.0,,NSE_EQ
MUTHOOTFIN,23650,1.0,,NSE_EQ
PIIND,24184,175.0,,NSE_EQ
ONGC,2475,1.0,,NSE_EQ
LTF,24948,1.0,,NSE_EQ
ADANIENT,25,1.0,,NSE_EQ
PREMIERENE,25049,575.0,,NSE_EQ
PGEL,25358,950.0,,NSE_EQ
MOTHERSON,4204,1.0,,NSE_EQ
APLAPOLLO,25780,350.0,,NSE_EQ
WAAREEENER,25907,175.0,,NSE_EQ
PIDILITIND,2664,500.0,,NSE_EQ
SWIGGY,27066,1.0,,NSE_EQ
AUROPHARMA,275,1.0,,NSE_EQ
RELIANCE,2885,1.0,,NSE_EQ
INDUSTOWER,29135,1.0,,NSE_EQ
KALYANKJIL,2955,1.0,,NSE_EQ
SAIL,2963,1.0,,NSE_EQ
SAMMAANCAP,30125,1.0,,NSE_EQ
SBIN,3045,1.0,,NSE_EQ
BAJAJHLDNG,305,50.0,,NSE_EQ
VEDL,3063,1.0,,NSE_EQ
SHREECEM,3103,25.0,,NSE_EQ
MCX,31181,1.0,,NSE_EQ
TIINDIA,312,200.0,,NSE_EQ
NBCC,31415,1.0,,NSE_EQ
SIEMENS,3150,175.0,,NSE_EQ
BAJFINANCE,317,1.0,,NSE_EQ
LODHA,3220,1.0,,NSE_EQ
ANGELONE,324,1.0,,NSE_EQ
SRF,3273,200.0,,NSE_EQ
SUNPHARMA,3351,1.0,,NSE_EQ
SUPREMEIND,3363,175.0,,NSE_EQ
TATAELXSI,3411,100.0,,NSE_EQ
CAMS,342,1.0,,NSE_EQ
TATAPOWER,3426,1.0,,NSE_EQ
TATACONSUM,3432,550.0,,NSE_EQ
TMPV,3456,1.0,,NSE_EQ
TATASTEEL,3499,1.0,,NSE_EQ
TITAN,3506,175.0,,NSE_EQ
TORNTPHARM,3518,250.0,,NSE_EQ
ADANIGREEN,3563,1.0,,NSE_EQ
VOLTAS,3718,375.0,,NSE_EQ
WIPRO,3787,1.0,,NSE_EQ
BEL,383,1.0,,NSE_EQ
MARICO,4067,1.0,,NSE_EQ
BHARATFORG,422,500.0,,NSE_EQ
HDFCAMC,4244,300.0,,NSE_EQ
SHRIRAMFIN,4306,1.0,,NSE_EQ
BHEL,438,1.0,,NSE_EQ
MPHASIS,4503,1.0,,NSE_EQ
BANKBARODA,4668,1.0,,NSE_EQ
HDFCLIFE,467,1.0,,NSE_EQ
SONACOMS,4684,1.0,,NSE_EQ
GAIL,4717,1.0,,NSE_EQ
BANKINDIA,4745,1.0,,NSE_EQ
CONCOR,4749,1.0,,NSE_EQ
ICICIBANK,4963,1.0,,NSE_EQ
MAZDOCK,509,1.0,,NSE_EQ
ETERNAL,5097,1.0,,NSE_EQ
INDUSINDBK,5258,1.0,,NSE_EQ
BPCL,526,1.0,,NSE_EQ
BRITANNIA,547,125.0,,NSE_EQ
AXISBANK,5900,1.0,,NSE_EQ
NATIONALUM,6364,1.0,,NSE_EQ
NYKAA,6545,1.0,,NSE_EQ
POLICYBZR,6656,1.0,,NSE_EQ
PAYTM,6705,1.0,,NSE_EQ
JINDALSTEL,6733,1.0,,NSE_EQ
EXIDEIND,676,1.0,,NSE_EQ
CIPLA,694,375.0,,NSE_EQ
HCLTECH,7229,1.0,,NSE_EQ
GLENMARK,7406,375.0,,NSE_EQ
CGPOWER,760,1.0,,NSE_EQ
DABUR,772,1.0,,NSE_EQ
INOXWIND,7852,1.0,,NSE_EQ
ZYDUSLIFE,7929,900.0,,NSE_EQ
DALBHARAT,8075,325.0,,NSE_EQ
BLUESTARCO,8311,325.0,,NSE_EQ
TVSMOTOR,8479,175.0,,NSE_EQ
DRREDDY,881,625.0,,NSE_EQ
EICHERMOT,910,100.0,,NSE_EQ
LICI,9480,1.0,,NSE_EQ
RVNL,9552,1.0,,NSE_EQ
POLYCAB,9590,125.0,,NSE_EQ
DELHIVERY,9599,1.0,,NSE_EQ
KPITTECH,9683,1.0,,NSE_EQ
HAVELLS,9819,500.0,,NSE_EQ
NIFTY,13,65.0,,IDX_I
BANKNIFTY,25,30.0,,IDX_I
CONFIPET,10238,1.0,,NSE_EQ
JISLJALEQS,10397,1.0,,NSE_EQ
NIFTYBEES,10576,1.0,,NSE_EQ
MARKSANS,10579,1.0,,NSE_EQ
MOM30IETF,10585,1.0,,NSE_EQ
OLECTRA,10637,1.0,,NSE_EQ
ZENSARTECH,1076,1.0,,NSE_EQ
GRMOVER,10871,1.0,,NSE_EQ
HDFCSILVER,10876,1.0,,NSE_EQ
TMB,10945,1.0,,NSE_EQ
INDORAMA,10993,1.0,,NSE_EQ
LIQUIDBEES,11006,1.0,,NSE_EQ
SHK,11212,1.0,,NSE_EQ
UCOBANK,11223,1.0,,NSE_EQ
SUVEN,11233,1.0,,NSE_EQ
WELSPUNLIV,11253,1.0,,NSE_EQ
IGL,11262,1.0,,NSE_EQ
APOLLO,1134,1.0,,NSE_EQ
DHANBANK,11359,1.0,,NSE_EQ
MAHABANK,11377,1.0,,NSE_EQ
PVTBANIETF,11386,1.0,,NSE_EQ
POONAWALLA,11403,1.0,,NSE_EQ
NIITLTD,11522,1.0,,NSE_EQ
EMIL,11530,1.0,,NSE_EQ
NARMADA,11627,1.0,,NSE_EQ
DWARKESH,11667,1.0,,NSE_EQ
PATELENG,11699,1.0,,NSE_EQ
SAKSOFT,11794,1.0,,NSE_EQ
IIFL,11809,1.0,,NSE_EQ
WELCORP,11821,1.0,,NSE_EQ
DCXINDIA,11895,1.0,,NSE_EQ
GENUSPOWER,11905,1.0,,NSE_EQ
MSPL,11919,1.0,,NSE_EQ
FUSION,11932,1.0,,NSE_EQ
GOLDIAM,11971,1.0,,NSE_EQ
ICIL,11987,1.0,,NSE_EQ
RENUKA,12026,1.0,,NSE_EQ
FIVESTAR,12032,1.0,,NSE_EQ
GREAVESCOT,1235,1.0,,NSE_EQ
SWSOLAR,12489,1.0,,NSE_EQ
MBAPL,12686,1.0,,NSE_EQ
KRISHANA,12847,1.0,,NSE_EQ
TRIVENI,13081,1.0,,NSE_EQ
SILVER1,13082,1.0,,NSE_EQ
M&MFIN,13285,1.0,,NSE_EQ
NITCO,13300,1.0,,NSE_EQ
GPIL,13409,1.0,,NSE_EQ
RSYSTEMS,13414,1.0,,NSE_EQ
MUNJALAU,13511,1.0,,NSE_EQ
ANANTRAJ,13620,1.0,,NSE_EQ
SKYGOLD,13631,1.0,,NSE_EQ
JMFINANCIL,13637,1.0,,NSE_EQ
HCC,1375,1.0,,NSE_EQ
NFL,13925,1.0,,NSE_EQ
PARACABLES,13951,1.0,,NSE_EQ
NETWORK18,14111,1.0,,NSE_EQ
NSLNISP,14180,1.0,,NSE_EQ
HDFCSML250,14233,1.0,,NSE_EQ
REDINGTON,14255,1.0,,NSE_EQ
GOLDETF,14286,1.0,,NSE_EQ
VIYASH,14296,1.0,,NSE_EQ
FSL,14304,1.0,,NSE_EQ
HSCL,14334,1.0,,NSE_EQ
GOLDBEES,14428,1.0,,NSE_EQ
JKTYRE,14435,1.0,,NSE_EQ
EMBDL,14450,1.0,,NSE_EQ
WEBELSOLAR,14602,1.0,,NSE_EQ
TIMETECHNO,14707,1.0,,NSE_EQ
IDBI,1476,1.0,,NSE_EQ
V2RETAIL,14766,1.0,,NSE_EQ
OMAXE,14853,1.0,,NSE_EQ
GOLD1,14858,1.0,,NSE_EQ
ASIANTILES,14889,1.0,,NSE_EQ
CENTRALBK,14894,1.0,,NSE_EQ
IFCI,1491,1.0,,NSE_EQ
RBA,1494,1.0,,NSE_EQ
PSUBNKBEES,15032,1.0,,NSE_EQ
DELTACORP,15044,1.0,,NSE_EQ
EDELWEISS,15119,1.0,,NSE_EQ
TARIL,15174,1.0,,NSE_EQ
UJJIVANSFB,15228,1.0,,NSE_EQ
RPOWER,15259,1.0,,NSE_EQ
ONMOBILE,15278,1.0,,NSE_EQ
IRB,15313,1.0,,NSE_EQ
RAIN,15337,1.0,,NSE_EQ
ATALREAL,15649,1.0,,NSE_EQ
APOLLOTYRE,163,1.0,,NSE_EQ
GHCLTEXTIL,16696,1.0,,NSE_EQ
GVT&D,16783,1.0,,NSE_EQ
IKIO,16822,1.0,,NSE_EQ
SINDHUTRAD,16859,1.0,,NSE_EQ
JAYBARMARU,1708,1.0,,NSE_EQ
SUMICHEM,17105,1.0,,NSE_EQ
SETFGOLD,17272,1.0,,NSE_EQ
ADANIPOWER,17388,1.0,,NSE_EQ
PREMEXPLN,17397,1.0,,NSE_EQ
LTGILTBEES,17700,1.0,,NSE_EQ
QUESS,17704,1.0,,NSE_EQ
SHILPAMED,17752,1.0,,NSE_EQ
LLOYDSENGG,17801,1.0,,NSE_EQ
HINDCOPPER,17939,1.0,,NSE_EQ
MMTC,17957,1.0,,NSE_EQ
ELECTCAST,928,1.0,,NSE_EQ
MANINFRA,18226,1.0,,NSE_EQ
SANDUMA,18359,1.0,,NSE_EQ
KARURVYSYA,1838,1.0,,NSE_EQ
CUPID,18520,1.0,,NSE_EQ
DIACABS,18543,1.0,,NSE_EQ
EMSLIMITED,18593,1.0,,NSE_EQ
SJVN,18883,1.0,,NSE_EQ
JSWINFRA,19020,1.0,,NSE_EQ
ITBEES,19084,1.0,,NSE_EQ
UDS,19113,1.0,,NSE_EQ
HDFCGOLD,19543,1.0,,NSE_EQ
ITETF,19633,1.0,,NSE_EQ
GOLDIETF,19679,1.0,,NSE_EQ
ADFFOODS,19761,1.0,,NSE_EQ
JWL,20224,1.0,,NSE_EQ
CGCL,20329,1.0,,NSE_EQ
IOLCP,20413,1.0,,NSE_EQ
NACLIND,20425,1.0,,NSE_EQ
JAMNAAUTO,20778,1.0,,NSE_EQ
SUMEETINDS,20790,1.0,,NSE_EQ
MUTHOOTMF,20831,1.0,,NSE_EQ
PSB,21001,1.0,,NSE_EQ
TEJASNET,21131,1.0,,NSE_EQ
JYOTICNC,21334,1.0,,NSE_EQ
TATSILV,21428,1.0,,NSE_EQ
COCHINSHIP,21508,1.0,,NSE_EQ
COMSYN,21578,1.0,,NSE_EQ
DCAL,21704,1.0,,NSE_EQ
CAPACITE,21749,1.0,,NSE_EQ
LIQUIDCASE,21750,1.0,,NSE_EQ
TEXRAIL,21828,1.0,,NSE_EQ
HFCL,21951,1.0,,NSE_EQ
TIRUPATIFL,22282,1.0,,NSE_EQ
ITIETF,22365,1.0,,NSE_EQ
BANKBETA,22440,1.0,,NSE_EQ
MOREPENLAB,2259,1.0,,NSE_EQ
MRPL,2283,1.0,,NSE_EQ
SMALLCAP,22832,1.0,,NSE_EQ
GOLDCASE,22901,1.0,,NSE_EQ
EXICOM,22947,1.0,,NSE_EQ
MOREALTY,23184,1.0,,NSE_EQ
JAYNECOIND,2331,1.0,,NSE_EQ
AQYLON,23365,1.0,,NSE_EQ
AADHARHFC,23729,1.0,,NSE_EQ
SBISILVER,24366,1.0,,NSE_EQ
FILATEX,24532,1.0,,NSE_EQ
CENTRUM,2454,1.0,,NSE_EQ
AVANTEL,24610,1.0,,NSE_EQ
OLAELEC,24777,1.0,,NSE_EQ
FIRSTCRY,24814,1.0,,NSE_EQ
MANCREDIT,24823,1.0,,NSE_EQ
ELGIRUBCO,24924,1.0,,NSE_EQ
MODEFENCE,24944,1.0,,NSE_EQ
IBULLSLTD,25003,1.0,,NSE_EQ
BCLIND,2513,1.0,,NSE_EQ
TDPOWERSYS,25178,1.0,,NSE_EQ
BAJAJHFL,25270,1.0,,NSE_EQ
PAISALO,25468,1.0,,NSE_EQ
RUPA,25724,1.0,,NSE_EQ
LLOYDSENT,25807,1.0,,NSE_EQ
LEMONTREE,2606,1.0,,NSE_EQ
IT,2627,1.0,,NSE_EQ
PCBL,2649,1.0,,NSE_EQ
SAGILITY,27052,1.0,,NSE_EQ
NTPCGREEN,27176,1.0,,NSE_EQ
EIEL,27213,1.0,,NSE_EQ
RTNINDIA,27297,1.0,,NSE_EQ
VMM,27969,1.0,,NSE_EQ
RCF,2866,1.0,,NSE_EQ
HITECH,2868,1.0,,NSE_EQ
INDOFARM,29025,1.0,,NSE_EQ
SETL,29075,1.0,,NSE_EQ
STALLION,29204,1.0,,NSE_EQ
ITCHOTELS,29251,1.0,,NSE_EQ
DENTA,29256,1.0,,NSE_EQ
MOSCHIP,29459,1.0,,NSE_EQ
MCLOUD,29482,1.0,,NSE_EQ
HEXT,29666,1.0,,NSE_EQ
MSCIINDIA,29758,1.0,,NSE_EQ
NAZARA,2987,1.0,,NSE_EQ
ABFRL,30108,1.0,,NSE_EQ
BHARATSE,30244,1.0,,NSE_EQ
SILVERCASE,30274,1.0,,NSE_EQ
SCI,3048,1.0,,NSE_EQ
CMRGREEN,30893,1.0,,NSE_EQ
RHIM,31163,1.0,,NSE_EQ
TATACHEM,3405,1.0,,NSE_EQ
TFCILTD,3466,1.0,,NSE_EQ
THOMASCOOK,3481,1.0,,NSE_EQ
WALCHANNAG,3736,1.0,,NSE_EQ
RITES,3761,1.0,,NSE_EQ
ZEEL,3812,1.0,,NSE_EQ
MAHLOG,385,1.0,,NSE_EQ
NIACL,399,1.0,,NSE_EQ
AEGISLOG,40,1.0,,NSE_EQ
IFGLEXPOR,436,1.0,,NSE_EQ
KOTHARIPET,4594,1.0,,NSE_EQ
SBCL,4656,1.0,,NSE_EQ
HAPPSTMNDS,48,1.0,,NSE_EQ
ENGINERSIN,4907,1.0,,NSE_EQ
PHARMABEES,4973,1.0,,NSE_EQ
IRCON,4986,1.0,,NSE_EQ
GMDCLTD,5204,1.0,,NSE_EQ
ROLEXRINGS,5279,1.0,,NSE_EQ
J&KBANK,5633,1.0,,NSE_EQ
CUB,5701,1.0,,NSE_EQ
BANKNIFTY1,5851,1.0,,NSE_EQ
PARAS,5911,1.0,,NSE_EQ
INTELLECT,5926,1.0,,NSE_EQ
SOUTHBANK,5948,1.0,,NSE_EQ
ATGL,6066,1.0,,NSE_EQ
FCL,6198,1.0,,NSE_EQ
SONATSOFTW,6596,1.0,,NSE_EQ
SBC,6792,1.0,,NSE_EQ
BSOFT,6994,1.0,,NSE_EQ
JTLIND,7287,1.0,,NSE_EQ
ALPHA,7412,1.0,,NSE_EQ
HEXAGON,750089,1.0,,NSE_EQ
VAML,750174,1.0,,NSE_EQ
VISL,750290,1.0,,NSE_EQ
VOGL,750368,1.0,,NSE_EQ
VEDPOWER,750518,1.0,,NSE_EQ
TURTLEMINT,756090,1.0,,NSE_EQ
GROWWSLVR,756827,1.0,,NSE_EQ
ENRIN,756871,1.0,,NSE_EQ
BELRISE,757102,1.0,,NSE_EQ
AEGISVOPAK,757336,1.0,,NSE_EQ
DIGITIDE,757515,1.0,,NSE_EQ
BLUSPRING,757520,1.0,,NSE_EQ
ATHERENERG,757645,1.0,,NSE_EQ
FISCHER,757658,1.0,,NSE_EQ
SAMBHV,757767,1.0,,NSE_EQ
JSWCEMENT,758460,1.0,,NSE_EQ
RAYMONDREL,758551,1.0,,NSE_EQ
ARFIN,758700,1.0,,NSE_EQ
VIKRAN,758973,1.0,,NSE_EQ
RHETAN,759062,1.0,,NSE_EQ
TATACAP,759265,1.0,,NSE_EQ
PACEDIGITK,759342,1.0,,NSE_EQ
PATELRMART,759439,1.0,,NSE_EQ
VIKRAMSOLR,759453,1.0,,NSE_EQ
LENSKART,759605,1.0,,NSE_EQ
PWL,759723,1.0,,NSE_EQ
EMMVEE,759728,1.0,,NSE_EQ
TMCV,759782,1.0,,NSE_EQ
EUROPRATIK,759797,1.0,,NSE_EQ
GROWW,759806,1.0,,NSE_EQ
PINELABS,759820,1.0,,NSE_EQ
SOLARWORLD,759929,1.0,,NSE_EQ
EXCELSOFT,760007,1.0,,NSE_EQ
FABTECH,760125,1.0,,NSE_EQ
VIDYAWIRES,760224,1.0,,NSE_EQ
MEESHO,760229,1.0,,NSE_EQ
AEQUS,760234,1.0,,NSE_EQ
LEMERITE,760300,1.0,,NSE_EQ
PARKHOSPS,760351,1.0,,NSE_EQ
BHARATCOAL,760726,1.0,,NSE_EQ
KWIL,760946,1.0,,NSE_EQ
CMPDI,761581,1.0,,NSE_EQ
DECNGOLD,762638,1.0,,NSE_EQ
SEIL,762889,1.0,,NSE_EQ
SIKA,762914,1.0,,NSE_EQ
WELSPLSOL,762971,1.0,,NSE_EQ
KISSHT,763294,1.0,,NSE_EQ
RAMCOSYS,7851,1.0,,NSE_EQ
SILVERIETF,7942,1.0,,NSE_EQ
SILVER,8003,1.0,,NSE_EQ
KTKBANK,8054,1.0,,NSE_EQ
SILVERBEES,8080,1.0,,NSE_EQ
AWL,8110,1.0,,NSE_EQ
DCW,817,1.0,,NSE_EQ
MIDCAPETF,8413,1.0,,NSE_EQ
MID150BEES,8506,1.0,,NSE_EQ
NLCINDIA,8585,1.0,,NSE_EQ
MSUMI,8596,1.0,,NSE_EQ
LOWVOL1,8632,1.0,,NSE_EQ
CHOICEIN,8866,1.0,,NSE_EQ
E2E,8937,1.0,,NSE_EQ
HARDWYN,8962,1.0,,NSE_EQ
ROTO,9049,1.0,,NSE_EQ
EQUITASBNK,913,1.0,,NSE_EQ
STLTECH,9313,1.0,,NSE_EQ
IOB,9348,1.0,,NSE_EQ
TRIDENT,9685,1.0,,NSE_EQ
PARADEEP,9741,1.0,,NSE_EQ
